id_venda,data_venda,id_cliente,cliente_nome,email,cidade,estado,regiao,id_produto,produto_nome,categoria,canal_venda,vendedor,quantidade,preco_unitario,desconto_percentual,custo_unitario,status_pedido,forma_pagamento,avaliacao_cliente
V000001,2026-02-06,C0067,Karen Santos,karen.santos67@email.com,Belém,PA,Norte,P003,Monitor 27 IPS,Informática,Marketplace,Helena Prado,2,1299.90,0.00,890.00,Em transporte,PIX,
V000002,2026-06-24,C0048,Paulo Santos,paulo.santos48@email.com,Niterói,RJ,Sudeste,P014,Air Fryer 5L,Eletroportáteis,Marketplace,Ana Lima,1,599.90,0.00,330.00,Concluído,Cartão de Débito,4
V000003,2025-07-16,C0116,Karen Rodrigues,karen.rodrigues19@email.com,Uberlândia,MG,Sudeste,P005,Teclado Mecânico,Periféricos,E-commerce,Bruno Rocha,1,349.90,0.20,195.00,Concluído,Cartão de Crédito,5
V000004,2025-12-11,C0449,Eduarda Costa,eduarda.costa61@email.com,Goiânia,GO,Centro-Oeste,P005,Teclado Mecânico,Periféricos,WhatsApp,Carla Mendes,1,349.90,0.20,195.00,Devolvido,PIX,
V000005,2026-03-25,C0023,Olívia Rodrigues,olivia.rodrigues23@email.com,Juiz de Fora,MG,Sudeste,P014,Air Fryer 5L,Eletroportáteis,Marketplace,Diego Alves,5,599.90,0.10,330.00,Concluído,PIX,5
V000006,2026-07-01,C0123,Renata Rodrigues,renata.rodrigues26@email.com,Brasília,DF,Centro-Oeste,P010,Smart TV 55,Eletrônicos,WhatsApp,Diego Alves,1,2899.90,0.10,2070.00,Concluído,Boleto,5
V000007,27/01/2026,C0258,Felipe Almeida,felipe.almeida64@email.com,Manaus,AM,Norte,P017,Mesa Escritório,Móveis,WhatsApp,Carla Mendes,3,"R$ 899,90",0.20,540.00,Cancelado,PIX,
V000008,2025-09-14,C0027,Gabriela Lima,gabriela.lima27@email.com,Petrópolis,RJ,Sudeste,P016,Cadeira Office,Móveis,Marketplace,Bruno Rocha,2,1099.90,0.10,690.00,Em transporte,Cartão de Crédito,
V000009,2025-10-19,C0043,Renata Lima,renata.lima43@email.com,Brasília,DF,Centro-Oeste,P006,Headset Gamer,Periféricos,Marketplace,Igor Martins,4,289.90,0.00,158.00,Em transporte,Cartão de Débito,
V000010,2025-04-04,C0114,Eduarda Souza,eduarda.souza17@email.com,Belém,PA,Norte,P015,Aspirador Vertical,Eletroportáteis,Marketplace,Ana Lima,1,749.90,0.05,420.00,Cancelado,Boleto,
V000011,2025-08-30,C0198,Eduarda Rodrigues,eduarda.rodrigues4@email.com,Belém,PA,Norte,P003,Monitor 27 IPS,Informática,Marketplace,Diego Alves,1,1299.90,0.00,890.00,Em transporte,Boleto,
V000012,2025-05-30,C0071,Samuel Santos,samuel.santos71@email.com,Manaus,AM,Norte,P002,Notebook Air 14,INFORMÁTICA,Marketplace,Igor Martins,2,3299.90,0.00,2480.00,Em transporte,Cartão de Débito,
V000013,2026-04-05,C0316,Lucas Lima,lucas.lima25@email.com,Anápolis,GO,Centro-Oeste,P001,Notebook Pro 15,Informática,Loja Física,Ana Lima,1,4599.90,0.20,3480.00,Concluído,Cartão de Débito,5
V000014,2025-04-24,C0398,Bruno Oliveira,bruno.oliveira10@email.com,Niterói,RJ,Sudeste,P010,Smart TV 55,Eletrônicos,E-commerce,Fernanda Souza,1,2899.90,0.00,2070.00,Concluído,Cartão de Débito,
V000015,2025-03-06,C0057,Bruno Souza,bruno.souza57@email.com,Rio de Janeiro,RJ,Sudeste,P016,Cadeira Office,Móveis,Loja Física,Diego Alves,2,1099.90,0.00,690.00,Concluído,Boleto,1
V000016,2025-09-04,C0293,Olívia Santos,olivia.santos2@email.com,Duque de Caxias,RJ,Sudeste,P014,Air Fryer 5L,Eletroportáteis,E-commerce,Bruno Rocha,1,599.90,0.00,330.00,Concluído,Cartão de Crédito,5
V000017,2026-02-04,C0448,Isabela Ribeiro,isabela.ribeiro60@email.com,Blumenau,SC,Sul,P016,Cadeira Office,Móveis,Loja Física,Helena Prado,6,1099.90,0.00,690.00,Devolvido,Cartão de Crédito,
V000018,2026-01-01,C0404,Talita Almeida,talita.almeida16@email.com,Brasília,DF,Centro-Oeste,P003,Monitor 27 IPS,Informática,Marketplace,Diego Alves,2,1299.90,0.15,890.00,Concluído,Boleto,
V000019,2025-05-17,C0023,Olívia Rodrigues,olivia.rodrigues23@email.com,Juiz de Fora,MG,Sudeste,P012,Soundbar 2.1,Eletrônicos,Marketplace,Carla Mendes,3,899.90,0.15,530.00,Concluído,PIX,5
V000020,2025-05-19,C0033,Paulo Santos,paulo.santos33@email.com,Fortaleza,CE,Nordeste,P015,Aspirador Vertical,Eletroportáteis,Loja Física,Fernanda Souza,1,749.90,0.20,420.00,Concluído,Boleto,1
V000021,2025-11-14,C0264,Samuel Silva,samuel.silva70@email.com,Feira de Santana,BA,Nordeste,P013,Cafeteira Premium,Eletroportáteis,WhatsApp,Fernanda Souza,1,449.90,0.15,250.00,Concluído,Boleto,4
V000022,2025-02-18,C0444,João Rodrigues,,Caxias do Sul,RS,Sul,P011,Smart TV 43,Eletrônicos,Marketplace,,3,1999.90,0.05,1420.00,Concluído,Cartão de Débito,5
V000023,2025-12-14,C0096,João Lima,joao.lima96@email.com,Sobral,CE,Nordeste,P016,Cadeira Office,Móveis,WhatsApp,Gustavo Nunes,4,1099.90,0.10,690.00,Concluído,Cartão de Débito,2
V000024,2025-03-22,C0221,Paulo Pereira,paulo.pereira27@email.com,Santarém,PA,Norte,P006,Headset Gamer,Periféricos,Marketplace,Gustavo Nunes,1,289.90,0.00,158.00,Devolvido,Boleto,
V000025,2025-11-10,C0229,Paulo Almeida,paulo.almeida35@email.com,Olinda,PE,Nordeste,P014,Air Fryer 5L,Eletroportáteis,E-commerce,Igor Martins,1,599.90,0.00,330.00,Devolvido,Boleto,
V000026,2026-03-22,C0141,Gabriela Nascimento,gabriela.nascimento44@email.com,Olinda,PE,Nordeste,P002,Notebook Air 14,Informática,Loja Física,Helena Prado,1,3299.90,0.20,2480.00,Devolvido,PIX,
V000027,2025-02-01,C0074,Paulo Souza,paulo.souza74@email.com,Olinda,PE,Nordeste,P015,Aspirador Vertical,Eletroportáteis,Loja Física,Carla Mendes,1,749.90,0.20,420.00,Devolvido,Boleto,
V000028,2026-01-06,C0197,Lucas Gomes,lucas.gomes3@email.com,Feira de Santana,BA,Nordeste,P002,Notebook Air 14,Informática,E-commerce,Igor Martins,4,3299.90,0.00,2480.00,Concluído,PIX,2
V000029,2026-06-27,C0188,Felipe Pereira,felipe.pereira91@email.com,Rio de Janeiro,RJ,Sudeste,P013,Cafeteira Premium,Eletroportáteis,Marketplace,Fernanda Souza,1,449.90,0.00,250.00,Concluído,Cartão de Débito,3
V000030,2026-06-15,C0199,Renata Gomes,renata.gomes5@email.com,Ananindeua,PA,Norte,P018,Estante Modular,Móveis,Loja Física,Fernanda Souza,2,649.90,0.15,380.00,Concluído,Boleto,4
V000031,2026-05-18,C0103,Bruno Santos,bruno.santos6@email.com,Blumenau,SC,Sul,P004,Mouse Sem Fio,Periféricos,E-commerce,Bruno Rocha,1,129.90,0.15,62.00,Concluído,Boleto,2
V000032,2025-12-22,C0364,Renata Souza,renata.souza73@email.com,Caruaru,PE,Nordeste,P003,Monitor 27 IPS,Informática,Marketplace,Fernanda Souza,3,1299.90,0.15,890.00,Devolvido,PIX,
V000033,2026-01-06,C0261,Nicolas Costa,nicolas.costa67@email.com,Caxias do Sul,RS,Sul,P008,Smartphone Lite,Telefonia,Loja Física,Diego Alves,3,1599.90,0.00,1160.00,Em transporte,Cartão de Débito,
V000034,2025-01-27,C0185,Talita Souza,talita.souza88@email.com,Duque de Caxias,RJ,Sudeste,P018,Estante Modular,Móveis,Marketplace,Igor Martins,3,649.90,0.10,380.00,Concluído,Cartão de Crédito,
V000035,2025-03-09,C0159,Henrique Pereira,henrique.pereira62@email.com,Brasília,DF,Centro-Oeste,P013,Cafeteira Premium,Eletroportáteis,WhatsApp,Helena Prado,2,449.90,0.20,250.00,Cancelado,Cartão de Crédito,
V000036,2025-05-09,C0163,Eduarda Ribeiro,eduarda.ribeiro66@email.com,BELÉM,PA,Norte,P003,Monitor 27 IPS,Informática,WhatsApp,Igor Martins,2,1299.90,0.00,890.00,Concluído,PIX,5
V000037,2025-05-13,C0222,Renata Lima,renata.lima28@email.com,Anápolis,GO,Centro-Oeste,P017,Mesa Escritório,Móveis,Loja Física,Bruno Rocha,1,899.90,0.00,540.00,Concluído,Boleto,3
V000038,2025-08-19,C0178,Karen Costa,karen.costa81@email.com,Olinda,PE,Nordeste,P017,Mesa Escritório,Móveis,Marketplace,Bruno Rocha,1,899.90,0.15,540.00,Cancelado,Boleto,
V000039,2025-05-09,C0321,Gabriela Lima,gabriela.lima30@email.com,Londrina,PR,Sul,P010,Smart TV 55,Eletrônicos,Loja Física,Carla Mendes,2,2899.90,0.10,2070.00,Concluído,Boleto,3
V000040,2025-02-12,C0423,Lucas Costa,lucas.costa35@email.com,Maringá,PR,Sul,P001,Notebook Pro 15,Informática,Loja Física,Ana Lima,4,4599.90,0.20,3480.00,Cancelado,Boleto,
V000041,2025-08-04,C0393,Mariana Santos,mariana.santos5@email.com,Brasília,DF,Centro-Oeste,P014,Air Fryer 5L,Eletroportáteis,Loja Física,Igor Martins,3,599.90,0.10,330.00,Concluído,Cartão de Débito,4
V000042,2025-09-08,C0413,Ana Almeida,ana.almeida25@email.com,Salvador,BA,Nordeste,P013,Cafeteira Premium,Eletroportáteis,Marketplace,Igor Martins,-1,449.90,0.00,250.00,Concluído,Cartão de Débito,5
V000043,2026-05-11,C0238,Talita Lima,talita.lima44@email.com,Florianópolis,SC,Sul,P007,Smartphone X,Telefonia,Marketplace,Carla Mendes,1,2799.90,0.15,"R$ 2.050,00",Concluído,Cartão de Débito,4
V000044,2025-05-14,C0390,Isabela Silva,isabela.silva2@email.com,Goiânia,GO,Centro-Oeste,P012,Soundbar 2.1,Eletrônicos,Loja Física,Gustavo Nunes,1,899.90,0.00,530.00,Concluído,PIX,5
V000045,2025-05-25,C0050,Renata Lima,renata.lima50@email.com,Joinville,SC,Sul,P002,Notebook Air 14,Informática,Marketplace,Helena Prado,3,3299.90,-0.10,2480.00,Concluído,Boleto,3
V000046,2025-11-17,C0098,Daniel Oliveira,daniel.oliveira1@email.com,Joinville,SC,Sul,P006,Headset Gamer,Periféricos,WhatsApp,Igor Martins,1,289.90,0.00,158.00,Concluído,Cartão de Crédito,1
V000047,2026-02-07,C0259,Felipe Lima,felipe.lima65@email.com,Joinville,SC,Sul,P015,Aspirador Vertical,Eletroportáteis,E-commerce,Diego Alves,2,749.90,0.00,420.00,Concluído,Cartão de Débito,4
V000048,2026-04-27,C0147,Vinícius Santos,vinicius.santos50@email.com,Olinda,PE,Nordeste,P018,Estante Modular,Móveis,Loja Física,Bruno Rocha,1,"R$ 649,90",0.00,380.00,Devolvido,Boleto,
V000049,2026-02-17,C0188,Felipe Pereira,felipe.pereira91@email.com,Rio de Janeiro,RJ,Sudeste,P002,Notebook Air 14,informatica,WhatsApp,Ana Lima,2,3299.90,0.00,2480.00,Concluído,Boleto,5
V000050,2025-03-17,C0198,Eduarda Rodrigues,eduarda.rodrigues4@email.com,Belém,PA,Norte,P017,Mesa Escritório,Móveis,WhatsApp,Fernanda Souza,3,899.90,0.10,540.00,Devolvido,Cartão de Crédito,
V000051,2025-05-12,C0050,Renata Lima,renata.lima50@email.com,Joinville,SC,Sul,P013,Cafeteira Premium,Eletroportáteis,Marketplace,Gustavo Nunes,2,449.90,0.00,250.00,Em transporte,PIX,
V000052,2025-07-23,C0309,Isabela Almeida,isabela.almeida18@email.com,Olinda,PE,Nordeste,P017,Mesa Escritório,Móveis,WhatsApp,Ana Lima,1,899.90,0.00,540.00,Devolvido,Boleto,
V000053,2026-05-01,C0266,Mariana Nascimento,mariana.nascimento72@email.com,Rio de Janeiro,RJ,Sudeste,P015,Aspirador Vertical,Eletroportáteis,E-commerce,Equipe Digital,1,749.90,0.10,420.00,Concluído,Cartão de Débito,3
V000054,2025-11-03,C0304,Lucas Costa,lucas.costa13@email.com,Joinville,SC,Sul,P011,Smart TV 43,Eletrônicos,WhatsApp,Fernanda Souza,1,1999.90,0.00,1420.00,Concluído,Cartão de Crédito,4
V000055,2026-03-03,C0299,Camila Souza,camila.souza8@email.com,Aparecida de Goiânia,GO,Centro-Oeste,P010,Smart TV 55,Eletrônicos,Loja Física,Igor Martins,1,2899.90,0.15,2070.00,Em transporte,PIX,
V000056,2025-02-22,C0299,Camila Souza,camila.souza8@email.com,Aparecida de Goiânia,GO,Centro-Oeste,P016,Cadeira Office,,E-commerce,Equipe Digital,2,1099.90,0.10,690.00,Em transporte,Cartão de Débito,
V000057,2025-06-01,C0421,Karen Oliveira,karen.oliveira33@email.com,Curitiba,PR,Sul,P008,Smartphone Lite,Telefonia,Loja Física,Bruno Rocha,1,1599.90,0.05,1160.00,Concluído,PIX,5
V000058,2026-02-27,C0354,Samuel Souza,samuel.souza63@email.com,Manaus,AM,Norte,P007,Smartphone X,Telefonia,WhatsApp,,3,2799.90,0.15,2050.00,Devolvido,Cartão de Crédito,
V000059,2025-05-22,C0266,Mariana Nascimento,mariana.nascimento72@email.com,Rio de Janeiro,RJ,Sudeste,P007,Smartphone X,Telefonia,Marketplace,Igor Martins,1,2799.90,0.00,2050.00,Concluído,Boleto,5
V000060,2026-07-14,C0182,Bruno Silva,bruno.silva85@email.com,Manaus,AM,Norte,P009,Tablet 10,Telefonia,WhatsApp,Diego Alves,5,1899.90,0.00,1370.00,Cancelado,Boleto,
V000061,2025-08-19,C0153,Henrique Santos,henrique.santos56@email.com,Juazeiro do Norte,CE,Nordeste,P010,Smart TV 55,Eletrônicos,E-commerce,Igor Martins,1,2899.90,0.00,2070.00,Cancelado,Boleto,
V000062,2025-10-22,C0063,Daniel Gomes,daniel.gomes63@email.com,Duque de Caxias,RJ,Sudeste,P018,Estante Modular,Móveis,WhatsApp,Helena Prado,3,649.90,0.20,380.00,Em transporte,PIX,
V000063,2025-10-25,C0022,Samuel Ribeiro,samuel.ribeiro22@email.com,Uberlândia,MG,Sudeste,P010,Smart TV 55,Eletrônicos,Loja Física,Gustavo Nunes,4,2899.90,0.15,2070.00,Concluído,PIX,5
V000064,2025-07-26,C0424,Eduarda Souza,,Brasília,DF,Centro-Oeste,P018,Estante Modular,Móveis,Marketplace,Fernanda Souza,1,649.90,0.10,380.00,devolvido,PIX,
V000065,2025-09-06,C0026,Karen Rodrigues,,Manaus,AM,Norte,P017,Mesa Escritório,Móveis,E-commerce,Diego Alves,1,899.90,0.05,540.00,Concluído,Cartão de Crédito,5
V000066,2025-05-21,C0003,Samuel Santos,samuel.santos3@email.com,Duque de Caxias,RJ,Sudeste,P018,Estante Modular,Móveis,E-commerce,Helena Prado,2,649.90,0.05,380.00,Concluído,Boleto,4
V000067,2025-11-25,C0147,Vinícius Santos,vinicius.santos50@email.com,Olinda,PE,Nordeste,P002,Notebook Air 14,Informática,Loja Física,Diego Alves,1,3299.90,0.15,2480.00,Em transporte,Cartão de Crédito,
V000068,2025-06-29,C0214,Lucas Almeida,lucas.almeida20@email.com,Aparecida de Goiânia,GO,Centro-Oeste,P006,Headset Gamer,Periféricos,Loja Física,Helena Prado,2,289.90,0.00,158.00,Devolvido,Boleto,
V000069,2025-02-08,C0005,Renata Lima,renata.lima5@email.com,Curitiba,PR,Sul,P010,Smart TV 55,Eletrônicos,Loja Física,Gustavo Nunes,1,2899.90,0.15,2070.00,Cancelado,Cartão de Débito,
V000070,2025-05-18,C0436,Talita Nascimento,talita.nascimento48@email.com,Caruaru,PE,Nordeste,P017,Mesa Escritório,Móveis,WhatsApp,Fernanda Souza,1,899.90,0.00,540.00,Concluído,Cartão de Débito,3
V000071,2025-09-21,C0368,Olívia Santos,olivia.santos77@email.com,Recife,PE,Nordeste,P006,Headset Gamer,Periféricos,Loja Física,,3,289.90,0.10,158.00,Devolvido,PIX,
V000072,2025-06-29,C0313,Nicolas Ribeiro,nicolas.ribeiro22@email.com,Brasília,DF,Centro-Oeste,P013,Cafeteira Premium,Eletroportáteis,WhatsApp,Gustavo Nunes,1,449.90,0.15,250.00,Concluído,PIX,3
V000073,2026-05-04,C0166,Nicolas Rodrigues,nicolas.rodrigues69@email.com,Maringá,PR,Sul,P008,Smartphone Lite,Telefonia,Loja Física,Fernanda Souza,1,1599.90,0.05,1160.00,Em transporte,Boleto,
V000074,2025-12-04,C0155,Olívia Lima,olivia.lima58@email.com,Manaus,AM,Norte,P001,Notebook Pro 15,Informática,Marketplace,Gustavo Nunes,2,4599.90,0.00,3480.00,Devolvido,Cartão de Crédito,
V000075,2026-04-22,C0158,Isabela Nascimento,isabela.nascimento61@email.com,Brasília,DF,Centro-Oeste,P006,Headset Gamer,Periféricos,WhatsApp,Fernanda Souza,2,289.90,0.15,158.00,Concluído,PIX,4
V000076,2025-08-13,C0069,Nicolas Oliveira,nicolas.oliveira69@email.com,Juiz de Fora,MG,Sudeste,P016,Cadeira Office,Móveis,E-commerce,Igor Martins,2,1099.90,0.10,690.00,Concluído,Cartão de Débito,5
V000077,2026-07-05,C0411,Samuel Gomes,samuel.gomes23@email.com,Juazeiro do Norte,CE,Nordeste,P007,Smartphone X,Telefonia,E-commerce,Bruno Rocha,1,2799.90,0.10,2050.00,Devolvido,Boleto,
V000078,2025-03-21,C0289,Nicolas Silva,nicolas.silva95@email.com,Londrina,PR,Sul,P004,Mouse Sem Fio,Periféricos,Loja Física,Diego Alves,2,129.90,0.00,62.00,Concluído,Cartão de Débito,4
V000079,2025-04-30,C0349,Lucas Silva,lucas.silva58@email.com,Juazeiro do Norte,CE,Nordeste,P007,Smartphone X,Telefonia,WhatsApp,Bruno Rocha,4,2799.90,0.05,2050.00,Em transporte,Cartão de Crédito,
V000080,2026-04-10,C0068,Gabriela Nascimento,gabriela.nascimento68@email.com,Londrina,PR,Sul,P017,Mesa Escritório,,WhatsApp,Igor Martins,2,899.90,0.10,540.00,Concluído,Cartão de Crédito,4
V000081,2026-02-10,C0131,Nicolas Santos,nicolas.santos34@email.com,Pelotas,RS,Sul,P001,Notebook Pro 15,Informática,E-commerce,Bruno Rocha,1,4599.90,0.00,3480.00,Devolvido,Cartão de Crédito,
V000082,2026-07-09,C0031,Talita Rodrigues,talita.rodrigues31@email.com,Santarém,PA,Norte,P003,Monitor 27 IPS,Informática,WhatsApp,Ana Lima,1,1299.90,0.00,890.00,cancelado,PIX,
V000083,2026-03-07,C0192,João Gomes,joao.gomes95@email.com,Rio de Janeiro,RJ,Sudeste,P013,Cafeteira Premium,Eletroportáteis,WhatsApp,Helena Prado,1,449.90,0.15,250.00,Devolvido,PIX,
V000084,2025-12-23,C0061,Talita Almeida,talita.almeida61@email.com,Goiânia,GO,Centro-Oeste,P006,Headset Gamer,Periféricos,WhatsApp,Carla Mendes,2,289.90,0.00,158.00,Em transporte,Cartão de Crédito,
V000085,24-01-2025,C0153,Henrique Santos,henrique.santos56@email.com,Juazeiro do Norte,CE,Nordeste,P015,Aspirador Vertical,Eletroportáteis,WhatsApp,Helena Prado,3,749.90,0.00,420.00,Concluído,PIX,4
V000086,2025-10-10,C0097,Ana Gomes,,Sobral,CE,Nordeste,P004,Mouse Sem Fio,Periféricos,Loja Física,Helena Prado,2,129.90,0.00,62.00,Concluído,Cartão de Crédito,4
V000087,2025-04-14,C0305,Henrique Nascimento,henrique.nascimento14@email.com,Contagem,MG,Sudeste,P002,Notebook Air 14,Telefonia,WhatsApp,Ana Lima,1,3299.90,0.00,2480.00,Concluído,PIX,5
V000088,2026-07-07,C0112,Henrique Gomes,henrique.gomes15@email.com,Brasília,DF,Centro-Oeste,P002,Notebook Air 14,Informática,E-commerce,Equipe Digital,6,3299.90,0.00,2480.00,Em transporte,Boleto,
V000089,2025-11-25,C0122,Camila Pereira,camila.pereira25@email.com,Joinville,SC,Sul,P010,Smart TV 55,Eletrônicos,E-commerce,Equipe Digital,1,2899.90,0.00,2070.00,Concluído,PIX,1
V000090,2026-03-14,C0285,Olívia Nascimento,olivia.nascimento91@email.com,Contagem,MG,Sudeste,P016,Cadeira Office,moveis,Loja Física,Gustavo Nunes,4,1099.90,0.15,690.00,Concluído,Boleto,5
V000091,2026-03-03,C0210,Samuel Souza,samuel.souza16@email.com,Caruaru,PE,Nordeste,P005,Teclado Mecânico,Periféricos,Marketplace,Helena Prado,1,349.90,0.10,195.00,Concluído,PIX,4
V000092,2025-11-04,C0440,Karen Ribeiro,karen.ribeiro52@email.com,Manaus,AM,Norte,P005,Teclado Mecânico,Periféricos,WhatsApp,Ana Lima,2,349.90,0.05,195.00,Cancelado,PIX,
V000093,2026-02-02,C0125,Isabela Silva,isabela.silva28@email.com,Goiânia,GO,Centro-Oeste,P009,Tablet 10,Telefonia,E-commerce,Gustavo Nunes,2,1899.90,0.05,1370.00,Em transporte,Boleto,
V000094,2025-04-05,C0275,Camila Souza,camila.souza81@email.com,Salvador,BA,Nordeste,P007,Smartphone X,Telefonia,Loja Física,Fernanda Souza,1,2799.90,0.10,2050.00,Cancelado,Cartão de Crédito,
V000095,2025-03-16,C0097,Ana Gomes,ana.gomes0@email.com,Sobral,CE,Nordeste,P018,Estante Modular,Móveis,E-commerce,Igor Martins,1,649.90,0.00,380.00,Concluído,PIX,1
V000096,2025-07-14,C0380,Lucas Oliveira,lucas.oliveira89@email.com,Santarém,PA,Norte,P004,Mouse Sem Fio,Periféricos,WhatsApp,Diego Alves,2,129.90,0.15,62.00,Concluído,PIX,5
V000097,2026-07-20,C0165,Olívia Rodrigues,olivia.rodrigues68@email.com,Fortaleza,CE,Nordeste,P010,Smart TV 55,Eletrônicos,WhatsApp,Igor Martins,1,2899.90,0.00,2070.00,Concluído,Boleto,4
V000098,2026-06-10,C0255,Vinícius Pereira,vinicius.pereira61@email.com,Porto Alegre,RS,Sul,P015,Aspirador Vertical,Eletroportáteis,Loja Física,Igor Martins,2,749.90,0.00,420.00,Concluído,Boleto,4
V000099,2026-02-28,C0024,SAMUEL SOUZA,samuel.souza24@email.com,Brasília,DF,Centro-Oeste,P008,Smartphone Lite,Telefonia,E-commerce,Ana Lima,1,1599.90,0.10,1160.00,Cancelado,Cartão de Débito,
V000100,2025-10-30,C0079,Bruno Lima,bruno.lima79@email.com,Maringá,PR,Sul,P007,Smartphone X,Telefonia,Marketplace,Diego Alves,1,2799.90,0.20,2050.00,Concluído,Boleto,5
V000101,2025-09-21,C0391,João Costa,joao.costa3@email.com,Joinville,SC,Sul,P016,Cadeira Office,Móveis,WhatsApp,Igor Martins,1,1099.90,0.20,690.00,Concluído,PIX,3
V000102,2026-07-14,C0251,Daniel Almeida,daniel.almeida57@email.com,Caruaru,PE,Nordeste,P006,Headset Gamer,Periféricos,Loja Física,Ana Lima,3,289.90,0.00,158.00,Em transporte,Cartão de Crédito,
V000103,2025-01-07,C0212,JOÃO SOUZA,joao.souza18@email.com,Duque de Caxias,RJ,Sudeste,P005,Teclado Mecânico,Periféricos,E-commerce,Bruno Rocha,2,349.90,0.00,195.00,Concluído,Cartão de Débito,5
V000104,2026-01-18,C0031,Talita Rodrigues,talita.rodrigues31@email.com,Santarém,PA,Norte,P016,Cadeira Office,Móveis,WhatsApp,Ana Lima,1,1099.90,0.10,690.00,Concluído,Cartão de Crédito,1
V000105,27-06-2026,C0370,Isabela Lima,isabela.lima79@email.com,Juiz de Fora,MG,Sudeste,P009,Tablet 10,Telefonia,Marketplace,Ana Lima,1,1899.90,0.15,1370.00,Devolvido,Cartão de Débito,
V000106,2025-07-03,C0055,Ana Lima,ana.lima55@email.com,Pelotas,RS,Sul,P004,Mouse Sem Fio,Periféricos,E-commerce,Diego Alves,1,129.90,0.10,62.00,Concluído,Boleto,4
V000107,2026-02-11,C0041,Isabela Nascimento,isabela.nascimento41@email.com,BELÉM,PA,Norte,P012,Soundbar 2.1,Eletrônicos,WhatsApp,Igor Martins,2,899.90,0.15,530.00,Concluído,Cartão de Crédito,4
V000108,2025-02-02,C0048,Paulo Santos,paulo.santos48@email.com,Niterói,RJ,Sudeste,P013,Cafeteira Premium,Eletroportáteis,WhatsApp,Helena Prado,2,449.90,0.00,250.00,Devolvido,Cartão de Crédito,
V000109,2025-06-25,C0043,Renata Lima,renata.lima43@email.com,Brasília,DF,Centro-Oeste,P016,Cadeira Office,Móveis,WhatsApp,Gustavo Nunes,2,1099.90,0.20,690.00,Concluído,Cartão de Crédito,5
V000110,2025-08-24,C0109,Talita Nascimento,talita.nascimento12@email.com,Porto Alegre,RS,Sul,P016,Cadeira Office,Móveis,Marketplace,Ana Lima,4,1099.90,0.15,690.00,Concluído,Cartão de Crédito,5
V000111,2025-07-03,C0436,Talita Nascimento,talita.nascimento48@email.com,Caruaru,PE,Nordeste,P011,Smart TV 43,Eletrônicos,Loja Física,Diego Alves,2,1999.90,0.20,1420.00,Em transporte,Cartão de Débito,
V000112,20-03-2025,C0154,Olívia Gomes,olivia.gomes57@email.com,Juiz de Fora,MG,Sudeste,P006,Headset Gamer,Periféricos,E-commerce,Helena Prado,2,289.90,0.10,158.00,Concluído,PIX,5
V000113,2025-03-22,C0257,Isabela Lima,isabela.lima63@email.com,Manaus,AM,Norte,P012,Soundbar 2.1,Eletrônicos,Loja Física,Bruno Rocha,1,899.90,0.20,530.00,Concluído,Cartão de Débito,4
V000114,2025-12-01,C0016,Gabriela Ribeiro,gabriela.ribeiro16@email.com,Goiânia,GO,Centro-Oeste,P009,Tablet 10,Telefonia,WhatsApp,Igor Martins,1,1899.90,0.10,1370.00,Concluído,PIX,5
V000115,2026-01-25,C0044,Lucas Oliveira,lucas.oliveira44@email.com,Belo Horizonte,MG,Sudeste,P010,Smart TV 55,Eletrônicos,E-commerce,Bruno Rocha,1,2899.90,0.00,2070.00,Concluído,Cartão de Débito,3
V000116,2025-11-21,C0185,Talita Souza,talita.souza88@email.com,Duque de Caxias,RJ,Sudeste,P004,Mouse Sem Fio,Periféricos,Loja Física,Ana Lima,4,129.90,0.05,62.00,Concluído,Cartão de Crédito,4
V000117,2025-05-16,C0045,Karen Almeida,karen.almeida45@email.com,Goiânia,GO,Centro-Oeste,P006,Headset Gamer,Periféricos,WhatsApp,Igor Martins,2,289.90,0.10,158.00,Concluído,Cartão de Crédito,2
V000118,2025-04-02,C0182,Bruno Silva,bruno.silva85@email.com,Manaus,AM,Norte,P018,Estante Modular,Móveis,Loja Física,Gustavo Nunes,3,649.90,0.00,380.00,Concluído,Cartão de Débito,5
V000119,2025-03-28,C0372,Renata Lima,renata.lima81@email.com,Olinda,PE,Nordeste,P018,Estante Modular,Móveis,E-commerce,Equipe Digital,1,649.90,0.05,380.00,Concluído,Boleto,3
V000120,2025-11-05,C0138,Samuel Silva,samuel.silva41@email.com,Feira de Santana,BA,Nordeste,P016,Cadeira Office,Móveis,E-commerce,Bruno Rocha,1,1099.90,0.00,690.00,Concluído,Cartão de Débito,4
V000121,2025-03-20,C0185,Talita Souza,talita.souza88@email.com,Duque de Caxias,RJ,Sudeste,P009,Tablet 10,Telefonia,E-commerce,Igor Martins,2,1899.90,0.00,1370.00,Concluído,PIX,2
V000122,2025-11-08,C0004,Ana Santos,ana.santos4@email.com,Campinas,SP,Sudeste,P013,Cafeteira Premium,Eletroportáteis,Marketplace,Helena Prado,3,449.90,0.00,250.00,Concluído,Cartão de Débito,4
V000123,2025-05-20,C0154,Olívia Gomes,olivia.gomes57@email.com,Juiz de Fora,MG,Sudeste,P011,Smart TV 43,Eletrônicos,E-commerce,Igor Martins,1,1999.90,0.05,1420.00,Concluído,Cartão de Débito,4
V000124,2025-09-06,C0167,Ana Lima,ana.lima70@email.com,Ananindeua,PA,Norte,P013,Cafeteira Premium,Eletroportáteis,Marketplace,Helena Prado,1,449.90,0.10,250.00,Concluído,PIX,
V000125,2026-07-18,C0014,Samuel Santos,samuel.santos14@email.com,Olinda,PE,Nordeste,P015,Aspirador Vertical,Eletroportáteis,E-commerce,Igor Martins,3,749.90,0.20,420.00,Devolvido,Cartão de Crédito,
V000126,2026-02-23,C0345,Paulo Lima,paulo.lima54@email.com,Duque de Caxias,RJ,Sudeste,P016,Cadeira Office,Móveis,E-commerce,Fernanda Souza,1,1099.90,0.15,690.00,Concluído,Cartão de Débito,5
V000127,2025-03-17,C0230,Bruno Pereira,bruno.pereira36@email.com,Contagem,MG,Sudeste,P016,Cadeira Office,Móveis,WhatsApp,Helena Prado,1,1099.90,0.20,690.00,Concluído,Cartão de Crédito,5
V000128,2025-04-22,C0394,Ana Santos,ana.santos6@email.com,Santarém,PA,Norte,P008,Smartphone Lite,Telefonia,Marketplace,Carla Mendes,2,1599.90,0.00,1160.00,Cancelado,Cartão de Débito,
V000129,2025-12-06,C0408,Daniel Silva,daniel.silva20@email.com,Caxias do Sul,RS,Sul,P014,Air Fryer 5L,Eletroportáteis,Loja Física,Ana Lima,1,599.90,0.00,330.00,Cancelado,PIX,
V000130,2026-04-02,C0192,João Gomes,joao.gomes95@email.com,Rio de Janeiro,RJ,Sudeste,P013,Cafeteira Premium,Eletroportáteis,WhatsApp,Carla Mendes,1,449.90,0.00,250.00,Concluído,Boleto,2
V000131,2026-03-02,C0044,Lucas Oliveira,lucas.oliveira44@email.com,Belo Horizonte,MG,Sudeste,P004,Mouse Sem Fio,Periféricos,E-commerce,Gustavo Nunes,1,129.90,0.05,62.00,Em transporte,PIX,
V000132,2026-06-18,C0248,Henrique Gomes,henrique.gomes54@email.com,Fortaleza,CE,Nordeste,P012,Soundbar 2.1,Eletrônicos,WhatsApp,Bruno Rocha,1,899.90,0.15,530.00,Concluído,Cartão de Crédito,4
V000133,2025-11-04,C0023,Olívia Rodrigues,olivia.rodrigues23@email.com,Juiz de Fora,MG,Sudeste,P004,Mouse Sem Fio,Periféricos,Loja Física,Gustavo Nunes,2,129.90,0.15,62.00,Em transporte,PIX,
V000134,2025-09-07,C0265,Karen Pereira,karen.pereira71@email.com,Petrópolis,RJ,Sudeste,P006,Headset Gamer,perifericos,E-commerce,Gustavo Nunes,2,289.90,0.05,158.00,Concluído,PIX,5
V000135,2025-07-10,C0328,Paulo Pereira,paulo.pereira37@email.com,Blumenau,SC,Sul,P014,Air Fryer 5L,Eletroportáteis,WhatsApp,Ana Lima,2,599.90,0.00,330.00,Concluído,Cartão de Débito,
V000136,2026-02-03,C0003,Samuel Santos,samuel.santos3@email.com,Duque de Caxias,RJ,Sudeste,P007,Smartphone X,Telefonia,E-commerce,Fernanda Souza,2,2799.90,0.20,2050.00,EM TRANSPORTE,Cartão de Crédito,
V000137,15/04/2025,C0410,Samuel Ribeiro,samuel.ribeiro22@email.com,SALVADOR,BA,Nordeste,P018,Estante Modular,Móveis,E-commerce,Gustavo Nunes,1,649.90,0.05,380.00,Concluído,Cartão de Débito,4
V000138,2026-06-25,C0328,Paulo Pereira,paulo.pereira37@email.com,Blumenau,,Sul,P011,Smart TV 43,ELETRÔNICOS,WhatsApp,Helena Prado,2,1999.90,0.00,1420.00,Concluído,PIX,5
V000139,2025-11-01,C0315,Daniel Souza,daniel.souza24@email.com,Olinda,PE,Nordeste,P003,Monitor 27 IPS,Informática,E-commerce,Gustavo Nunes,1,1299.90,0.00,890.00,Concluído,Boleto,3
V000140,2025-05-25,C0262,Daniel Oliveira,daniel.oliveira68@email.com,Brasília,DF,Centro-Oeste,P013,Cafeteira Premium,Eletroportáteis,market place,Carla Mendes,2,449.90,0.05,250.00,Concluído,PIX,5
V000141,2026-07-23,C0086,Vinícius Silva,vinicius.silva86@email.com,Aparecida de Goiânia,GO,Centro-Oeste,P016,Cadeira Office,Móveis,Marketplace,Carla Mendes,1,1099.90,0.20,690.00,Concluído,Cartão de Crédito,
V000142,2026-01-03,C0005,Renata Lima,renata.lima5@email.com,Curitiba,PR,,P016,Cadeira Office,Móveis,E-commerce,Diego Alves,3,1099.90,0.10,690.00,Cancelado,Cartão de Débito,
V000143,2026-02-23,C0351,Gabriela Gomes,gabriela.gomes60@email.com,Rio de Janeiro,RJ,Sudeste,P016,Cadeira Office,Móveis,WhatsApp,Igor Martins,1,1099.90,0.00,690.00,Cancelado,Cartão de Crédito,
V000144,14/08/2025,C0150,Eduarda Gomes,eduarda.gomes53@email.com,Maringá,PR,Sul,P002,Notebook Air 14,Informática,Marketplace,Diego Alves,1,3299.90,0.00,2480.00,Em transporte,Cartão de Débito,
V000145,2026-05-23,C0282,Nicolas Costa,nicolas.costa88@email.com,Manaus,AM,Norte,P017,Mesa Escritório,Móveis,Loja Física,Bruno Rocha,1,899.90,0.10,540.00,Em transporte,Boleto,
V000146,2026-07-10,C0422,Daniel Nascimento,daniel.nascimento34@email.com,Sobral,CE,Nordeste,P002,Notebook Air 14,Informática,WHATSAPP,Diego Alves,6,3299.90,0.00,2480.00,Devolvido,PIX,
V000147,2025-11-01,C0448,Isabela Ribeiro,isabela.ribeiro60@email.com,Blumenau,SC,Sul,P002,Notebook Air 14,Informática,WhatsApp,Fernanda Souza,1,3299.90,0.20,2480.00,Concluído,Cartão de Crédito,5
V000148,2025/08/31,C0108,Eduarda Nascimento,eduarda.nascimento11@email.com,Belém,PA,Norte,P012,Soundbar 2.1,Eletrônicos,WhatsApp,Carla Mendes,2,899.90,0.20,530.00,Concluído,Cartão de Crédito,4
V000149,2025-12-26,C0273,Vinícius Souza,vinicius.souza79@email.com,Brasília,DF,Centro-Oeste,P009,Tablet 10,Telefonia,WHATSAPP,Gustavo Nunes,5,1899.90,0.00,1370.00,Concluído,Boleto,
V000150,2026-06-11,C0348,Daniel Gomes,daniel.gomes57@email.com,Caxias do Sul,RS,Sul,P004,Mouse Sem Fio,Periféricos,E-commerce,Helena Prado,4,129.90,0.00,62.00,Em transporte,PIX,
V000151,2025-05-16,C0128,Talita Souza,talita.souza31@email.com,Feira de Santana,BA,Nordeste,P005,Teclado Mecânico,Periféricos,Marketplace,Diego Alves,2,349.90,0.15,195.00,Concluído,PIX,5
V000152,2025-10-03,C0322,Eduarda Gomes,eduarda.gomes31@email.com,Brasília,DF,Centro-Oeste,P014,Air Fryer 5L,Eletroportáteis,WhatsApp,Igor Martins,1,599.90,0.20,330.00,Em transporte,Cartão de Crédito,
V000153,2026-02-17,C0264,Samuel Silva,samuel.silva70@email.com,Feira de Santana,BA,Nordeste,P009,Tablet 10,Telefonia,Marketplace,Igor Martins,5,1899.90,0.00,1370.00,Cancelado,Cartão de Crédito,
V000154,2025-04-06,C0375,Olívia Rodrigues,olivia.rodrigues84@email.com,Caxias do Sul,RS,Sul,P015,Aspirador Vertical,Eletroportáteis,Marketplace,Bruno Rocha,3,749.90,0.05,420.00,Concluído,PIX,5
V000155,2026-05-22,C0138,Samuel Silva,samuel.silva41@email.com,Feira de Santana,BA,Nordeste,P011,Smart TV 43,Eletrônicos,Marketplace,Gustavo Nunes,1,1999.90,0.00,1420.00,Cancelado,Cartão de Débito,
V000156,2025-12-18,C0350,Gabriela Santos,gabriela.santos59@email.com,Joinville,SC,Sul,P002,Notebook Air 14,Informática,Loja Física,Bruno Rocha,2,3299.90,0.20,2480.00,Concluído,Cartão de Crédito,1
V000157,2025-06-11,C0226,Bruno Nascimento,bruno.nascimento32@email.com,Santos,SP,Sudeste,P015,Aspirador Vertical,Eletroportáteis,Loja Física,Helena Prado,1,749.90,0.15,420.00,Concluído,PIX,4
V000158,2025-10-08,C0048,Paulo Santos,paulo.santos48@email.com,Niterói,,Sudeste,P012,Soundbar 2.1,Eletrônicos,Marketplace,Bruno Rocha,1,899.90,0.15,530.00,Concluído,Cartão de Débito,
V000159,2025-11-09,C0372,Renata Lima,renata.lima81@email.com,Olinda,PE,Nordeste,P008,Smartphone Lite,Telefonia,WhatsApp,Bruno Rocha,2,1599.90,0.00,"R$ 1.160,00",Concluído,Cartão de Crédito,5
V000160,2025-05-16,C0304,Lucas Costa,lucas.costa13@email.com,Joinville,SC,Sul,P008,Smartphone Lite,Telefonia,WhatsApp,Ana Lima,1,1599.90,0.00,1160.00,Em transporte,Cartão de Crédito,
V000161,2026-03-09,C0356,Isabela Oliveira,isabela.oliveira65@email.com,Campinas,SP,Sudeste,P005,Teclado Mecânico,Periféricos,WhatsApp,Bruno Rocha,1,349.90,0.00,195.00,Devolvido,Cartão de Crédito,
V000162,2025-04-16,C0161,Karen Nascimento,karen.nascimento64@email.com,Porto Alegre,RS,Sul,P012,Soundbar 2.1,Eletrônicos,Marketplace,Carla Mendes,1,899.90,0.20,530.00,Em transporte,PIX,
V000163,2025-05-27,C0036,MARIANA LIMA,mariana.lima36@email.com,Feira de Santana,BA,Nordeste,P017,Mesa Escritório,Móveis,Loja Física,Carla Mendes,1,899.90,0.15,540.00,Concluído,Cartão de Débito,3
V000164,2026-03-30,C0441,Felipe Silva,felipe.silva53@email.com,Fortaleza,CE,Nordeste,P007,Smartphone X,Telefonia,Loja Física,Bruno Rocha,1,2799.90,0.00,2050.00,Cancelado,Cartão de Débito,
V000165,2025-12-26,C0220,Felipe Souza,felipe.souza26@email.com,Manaus,AM,Norte,P011,Smart TV 43,Eletrônicos,E-commerce,Diego Alves,1,1999.90,0.00,1420.00,Concluído,Boleto,5
V000166,2025-01-28,C0435,Vinícius Lima,vinicius.lima47@email.com,Duque de Caxias,RJ,Sudeste,P010,Smart TV 55,Eletrônicos,E-commerce,Equipe Digital,2,2899.90,0.00,2070.00,Devolvido,Cartão de Débito,
V000167,2025-10-30,C0331,Samuel Costa,samuel.costa40@email.com,Manaus,AM,Norte,P002,Notebook Air 14,Informática,E-commerce,Igor Martins,1,3299.90,0.00,2480.00,Concluído,Cartão de Crédito,
V000168,2026-06-25,C0007,Samuel Rodrigues,samuel.rodrigues7@email.com,Belém,PA,Norte,P012,Soundbar 2.1,Eletrônicos,Marketplace,Carla Mendes,1,"R$ 899,90",0.20,530.00,Cancelado,Cartão de Débito,
V000169,2026-01-10,C0280,Gabriela Lima,gabriela.lima86@email.com,Vitória da Conquista,BA,Nordeste,P006,Headset Gamer,Periféricos,WhatsApp,Bruno Rocha,1,289.90,0.00,158.00,Concluído,PIX,4
V000170,2025-02-10,C0031,Talita Rodrigues,talita.rodrigues31@email.com,Santarém,PA,Norte,P013,Cafeteira Premium,,Marketplace,Helena Prado,1,449.90,0.05,250.00,Concluído,PIX,5
V000171,2025-10-12,C0043,Renata Lima,renata.lima43@email.com,Brasília,DF,Centro-Oeste,P010,Smart TV 55,Eletrônicos,Loja Física,Diego Alves,5,2899.90,0.00,2070.00,Cancelado,Boleto,
V000172,2026-02-05,C0301,Daniel Gomes,daniel.gomes10@email.com,Vitória da Conquista,BA,Nordeste,P003,Monitor 27 IPS,Informática,Marketplace,Helena Prado,2,1299.90,0.20,890.00,Concluído,PIX,1
V000173,2025-03-30,C0223,Gabriela Pereira,gabriela.pereira29@email.com,Niterói,RJ,Sudeste,P004,Mouse Sem Fio,Periféricos,WhatsApp,Ana Lima,1,129.90,0.15,62.00,Devolvido,PIX,
V000174,2025-05-03,C0007,Samuel Rodrigues,samuel.rodrigues7@email.com,Belém,PA,Norte,P005,Teclado Mecânico,Periféricos,Loja Física,Carla Mendes,1,349.90,0.00,195.00,EM TRANSPORTE,Boleto,
V000175,2025-06-20,C0191,Talita Ribeiro,talita.ribeiro94@email.com,Niterói,RJ,Sudeste,P005,Teclado Mecânico,Periféricos,Marketplace,Bruno Rocha,2,349.90,0.00,195.00,Concluído,Boleto,5
V000176,2026-06-21,C0033,Paulo Santos,paulo.santos33@email.com,Fortaleza,CE,Nordeste,P009,Tablet 10,Telefonia,Loja Física,Igor Martins,1,1899.90,0.00,1370.00,Concluído,PIX,5
V000177,2026-01-12,C0081,Bruno Lima,bruno.lima81@email.com,Sorocaba,SP,Sudeste,P009,Tablet 10,Telefonia,Loja Física,Bruno Rocha,1,1899.90,0.10,1370.00,Concluído,Cartão de Crédito,1
V000178,2025-09-08,C0024,Samuel Souza,samuel.souza24@email.com,Brasília,DF,Centro-Oeste,P016,Cadeira Office,,Marketplace,Helena Prado,4,1099.90,0.00,690.00,Em transporte,Cartão de Crédito,
V000179,2026-07-21,C0412,Mariana Ribeiro,mariana.ribeiro24@email.com,Rio de Janeiro,RJ,Sudeste,P014,Air Fryer 5L,ELETROPORTÁTEIS,E-commerce,Gustavo Nunes,1,599.90,0.15,330.00,Concluído,Cartão de Crédito,4
V000180,2026-01-17,C0062,Paulo Rodrigues,paulo.rodrigues62@email.com,Manaus,AM,Norte,P017,Mesa Escritório,Móveis,Loja Física,Carla Mendes,1,899.90,0.10,540.00,Concluído,Cartão de Crédito,5
V000181,2026-04-22,C0444,João Rodrigues,joao.rodrigues56@email.com,Caxias do Sul,RS,Sul,P010,Smart TV 55,Eletrônicos,Marketplace,Gustavo Nunes,1,2899.90,0.05,2070.00,Concluído,PIX,4
V000182,2025-10-26,C0289,Nicolas Silva,nicolas.silva95@email.com,Londrina,PR,Sul,P010,Smart TV 55,Eletrônicos,E-commerce,Igor Martins,1,2899.90,0.05,2070.00,Em transporte,PIX,
V000183,2026-07-14,C0390,Isabela Silva,isabela.silva2@email.com,Goiânia,GO,Centro-Oeste,P008,Smartphone Lite,Telefonia,E-commerce,Ana Lima,4,1599.90,0.00,1160.00,Concluído,Boleto,5
V000184,2025-01-10,C0172,Mariana Ribeiro,mariana.ribeiro75@email.com,Brasília,DF,Centro-Oeste,P001,Notebook Pro 15,Informática,WhatsApp,Fernanda Souza,60,4599.90,0.10,3480.00,Concluído,Cartão de Débito,5
V000185,2025-03-03,C0073,HENRIQUE OLIVEIRA,henrique.oliveira73@email.com,Manaus,AM,Norte,P009,Tablet 10,Telefonia,Loja Física,Ana Lima,4,1899.90,0.20,1370.00,Cancelado,Cartão de Débito,
V000186,2026-01-17,C0235,Vinícius Lima,vinicius.lima41@email.com,Goiânia,GO,Centro-Oeste,P003,Monitor 27 IPS,Informática,Loja Física,Carla Mendes,2,1299.90,0.05,890.00,Concluído,Cartão de Crédito,
V000187,2026-03-22,C0340,Bruno Pereira,bruno.pereira49@email.com,Sorocaba,SP,Sudeste,P005,Teclado Mecânico,Periféricos,E-commerce,Fernanda Souza,1,349.90,0.00,195.00,Em transporte,Cartão de Débito,
V000188,2025-12-01,C0163,Eduarda Ribeiro,eduarda.ribeiro66@email.com,Belém,PA,Norte,P015,Aspirador Vertical,Eletroportáteis,Marketplace,Diego Alves,1,749.90,0.00,420.00,Concluído,Cartão de Crédito,
V000189,2025-06-09,C0055,Ana Lima,ana.lima55@email.com,PELOTAS,RS,Sul,P006,Headset Gamer,,WhatsApp,Igor Martins,1,289.90,0.00,158.00,Cancelado,Boleto,
V000190,2025-08-01,C0232,TALITA GOMES,talita.gomes38@email.com,Rio de Janeiro,RJ,Sudeste,P010,Smart TV 55,Eletrônicos,WhatsApp,Fernanda Souza,3,2899.90,0.00,2070.00,Concluído,Cartão de Crédito,4
V000191,2025-08-09,C0428,Talita Gomes,talita.gomes40@email.com,Brasília,DF,Centro-Oeste,P011,Smart TV 43,Eletrônicos,E-commerce,Bruno Rocha,2,1999.90,0.00,1420.00,Concluído,Cartão de Crédito,5
V000192,2025-11-03,C0134,Nicolas Costa,nicolas.costa37@email.com,Brasília,DF,Centro-Oeste,P006,Headset Gamer,Periféricos,Loja Física,Helena Prado,3,289.90,0.10,158.00,Devolvido,PIX,
V000193,2025-04-07,C0237,João Lima,joao.lima43@email.com,Olinda,PE,Nordeste,P004,Mouse Sem Fio,,E-commerce,Bruno Rocha,1,129.90,0.20,62.00,Em transporte,PIX,
V000194,2025-05-14,C0102,Isabela Nascimento,isabela.nascimento5@email.com,Brasília,DF,Centro-Oeste,P013,Cafeteira Premium,Eletroportáteis,Marketplace,Bruno Rocha,2,449.90,0.00,250.00,Em transporte,Cartão de Crédito,
V000195,2025-01-23,C0034,Eduarda Gomes,eduarda.gomes34@email.com,Niterói,RJ,Sudeste,P007,Smartphone X,Telefonia,WhatsApp,,1,2799.90,0.20,2050.00,Em transporte,Boleto,
V000196,2025/02/30,C0022,Samuel Ribeiro,samuel.ribeiro22@email.com,Uberlândia,MG,Sudeste,P015,Aspirador Vertical,Eletroportáteis,Loja Física,Carla Mendes,4,749.90,0.05,420.00,Em transporte,Cartão de Débito,
V000197,2026-05-24,C0016,Gabriela Ribeiro,gabriela.ribeiro16@email.com,Goiânia,GO,Centro-Oeste,P013,Cafeteira Premium,Eletroportáteis,WhatsApp,Carla Mendes,1,449.90,0.00,250.00,Concluído,Cartão de Débito,4
V000198,2025-06-02,C0018,Daniel Rodrigues,daniel.rodrigues18@email.com,Londrina,PR,Sul,P008,Smartphone Lite,Telefonia,Marketplace,Igor Martins,1,1599.90,0.10,1160.00,Concluído,Cartão de Crédito,1
V000199,2025-10-14,C0197,Lucas Gomes,lucas.gomes3@email.com,Feira de Santana,BA,Nordeste,P005,Teclado Mecânico,Periféricos,WhatsApp,Diego Alves,2,349.90,0.20,195.00,Cancelado,PIX,
V000200,2026-07-11,C0407,Eduarda Pereira,eduarda.pereira19@email.com,Londrina,PR,Sul,P001,Notebook Pro 15,Informática,WhatsApp,Gustavo Nunes,1,4599.90,0.20,3480.00,Concluído,Boleto,4
V000201,2026-02-02,C0139,Gabriela Rodrigues,,Blumenau,SC,Sul,P006,Headset Gamer,Periféricos,Loja Física,Gustavo Nunes,2,289.90,0.00,158.00,Em transporte,Boleto,
V000202,2025-03-01,C0415,Nicolas Pereira,nicolas.pereira27@email.com,Salvador,BA,Nordeste,P016,Cadeira Office,Móveis,Marketplace,Diego Alves,5,1099.90,0.00,690.00,Concluído,Boleto,4
V000203,2026-07-01,C0418,Nicolas Santos,nicolas.santos30@email.com,Niterói,RJ,Sudeste,P002,Notebook Air 14,Informática,loja física,Helena Prado,1,3299.90,0.20,2480.00,Em transporte,PIX,
V000204,2025-06-30,C0122,Camila Pereira,camila.pereira25@email.com,Joinville,SC,Sul,P011,Smart TV 43,Eletrônicos,Marketplace,Ana Lima,2,1999.90,0.00,1420.00,Cancelado,PIX,
V000205,2026-07-31,C0097,Ana Gomes,ana.gomes0@email.com,Sobral,CE,Nordeste,P016,Cadeira Office,Móveis,Marketplace,Carla Mendes,1,1099.90,0.00,690.00,Concluído,PIX,4
V000206,2025-01-21,C0270,Bruno Souza,bruno.souza76@email.com,Manaus,AM,Norte,P016,Cadeira Office,Móveis,Loja Física,Gustavo Nunes,4,"R$ 1.099,90",0.00,690.00,Em transporte,PIX,
V000207,2025-12-15,C0368,Olívia Santos,olivia.santos77@email.com,Recife,PE,Nordeste,P006,Headset Gamer,Periféricos,Marketplace,Ana Lima,1,289.90,0.10,158.00,Devolvido,PIX,
V000208,2025-04-24,C0434,João Santos,joao.santos46@email.com,Pelotas,,Sul,P017,Mesa Escritório,moveis,Marketplace,Bruno Rocha,1,899.90,0.15,540.00,Concluído,Cartão de Crédito,
V000209,2025-12-11,C0155,Olívia Lima,olivia.lima58@email.com,Manaus,AM,Norte,P011,Smart TV 43,Eletrônicos,E-commerce,Carla Mendes,2,1999.90,0.05,1420.00,Em transporte,Cartão de Débito,
V000210,2025-11-21,C0090,João Almeida,joao.almeida90@email.com,Juiz de Fora,MG,Sudeste,P018,Estante Modular,Móveis,Marketplace,Diego Alves,2,649.90,0.20,380.00,Concluído,Boleto,5
V000211,2025-10-29,C0066,Daniel Silva,daniel.silva66@email.com,Brasília,DF,Centro-Oeste,P006,Headset Gamer,Periféricos,Loja Física,Helena Prado,3,289.90,0.20,158.00,Cancelado,Cartão de Crédito,
V000212,2025-07-06,C0309,Isabela Almeida,isabela.almeida18@email.com,Olinda,PE,Nordeste,P011,Smart TV 43,Eletrônicos,E-commerce,Bruno Rocha,4,1999.90,0.00,1420.00,Concluído,PIX,2
V000213,2025-12-22,C0164,Nicolas Rodrigues,nicolas.rodrigues67@email.com,Petrópolis,RJ,Sudeste,P006,Headset Gamer,Periféricos,Loja Física,Gustavo Nunes,1,289.90,0.00,158.00,Concluído,Cartão de Crédito,4
V000214,2025-12-25,C0132,Vinícius Costa,vinicius.costa35@email.com,Pelotas,RS,Sul,P004,Mouse Sem Fio,Periféricos,Loja Física,Ana Lima,1,129.90,0.15,62.00,Concluído,Cartão de Débito,3
V000215,2026-05-20,C0194,Nicolas Gomes,nicolas.gomes0@email.com,Juazeiro do Norte,CE,Nordeste,P012,Soundbar 2.1,Eletrônicos,WhatsApp,Bruno Rocha,3,899.90,0.20,530.00,Em transporte,PIX,
V000216,2025-06-16,C0232,Talita Gomes,talita.gomes38@email.com,Rio de Janeiro,RJ,Sudeste,P003,Monitor 27 IPS,Informática,Loja Física,Fernanda Souza,1,1299.90,0.00,890.00,Concluído,Boleto,2
V000217,2025-06-24,C0193,Talita Silva,talita.silva96@email.com,Manaus,AM,Norte,P006,Headset Gamer,Periféricos,Loja Física,Bruno Rocha,1,289.90,0.10,158.00,Concluído,Cartão de Débito,1
V000218,2025-06-18,C0311,Samuel Oliveira,samuel.oliveira20@email.com,Brasília,DF,Centro-Oeste,P014,Air Fryer 5L,Eletroportáteis,E-commerce,Ana Lima,1,599.90,0.00,330.00,Concluído,Boleto,5
V000219,2025-10-16,C0153,Henrique Santos,henrique.santos56@email.com,Juazeiro do Norte,CE,Nordeste,P008,Smartphone Lite,Telefonia,Loja Física,Ana Lima,1,1599.90,0.10,1160.00,Em transporte,Cartão de Débito,
V000220,2025-06-07,C0028,Paulo Rodrigues,paulo.rodrigues28@email.com,Maringá,PR,Sul,P012,Soundbar 2.1,Eletrônicos,Loja Física,Helena Prado,1,"R$ 899,90",0.20,530.00,Devolvido,Cartão de Débito,
V000221,24/07/2025,C0050,Renata Lima,renata.lima50@email.com,Joinville,SC,Sul,P001,Notebook Pro 15,Informática,E-commerce,Carla Mendes,2,4599.90,0.00,3480.00,Concluído,Boleto,2
V000222,12/02/2026,C0242,Ana Rodrigues,ana.rodrigues48@email.com,Contagem,MG,Sudeste,P016,Cadeira Office,Móveis,Marketplace,Bruno Rocha,2,1099.90,0.05,690.00,Concluído,Cartão de Débito,4
V000223,2026-01-14,C0096,João Lima,joao.lima96@email.com,Sobral,CE,Nordeste,P015,Aspirador Vertical,Eletroportáteis,Loja Física,Fernanda Souza,1,749.90,0.00,420.00,Concluído,Cartão de Crédito,4
V000224,2025-06-04,C0386,Paulo Souza,paulo.souza95@email.com,Belo Horizonte,MG,Sudeste,P004,Mouse Sem Fio,Periféricos,Loja Física,Gustavo Nunes,3,129.90,0.05,62.00,Em transporte,PIX,
V000225,2026-07-21,C0032,Lucas Souza,lucas.souza32@email.com,Salvador,BA,Nordeste,P013,Cafeteira Premium,Eletroportáteis,WhatsApp,Igor Martins,2,449.90,0.00,250.00,Concluído,Cartão de Crédito,
V000226,2026-02-09,C0438,Vinícius Almeida,vinicius.almeida50@email.com,Pelotas,RS,Sul,P002,Notebook Air 14,Telefonia,E-commerce,Bruno Rocha,4,3299.90,0.05,2480.00,Concluído,PIX,3
V000227,2025-07-17,C0065,Bruno Gomes,bruno.gomes65@email.com,Santarém,PA,Norte,P002,Notebook Air 14,Informática,WhatsApp,Bruno Rocha,6,3299.90,0.05,2480.00,Concluído,Boleto,3
V000228,2025-11-24,C0373,Daniel Gomes,daniel.gomes82@email.com,Niterói,RJ,Sudeste,P003,Monitor 27 IPS,Informática,Loja Física,Helena Prado,2,1299.90,0.10,890.00,Concluído,Cartão de Débito,4
V000229,2025-01-13,C0403,Nicolas Santos,nicolas.santos15@email.com,Caxias do Sul,RS,Sul,P017,Mesa Escritório,Móveis,WhatsApp,Bruno Rocha,1,899.90,0.00,540.00,Cancelado,Cartão de Crédito,
V000230,2025-04-19,C0289,Nicolas Silva,nicolas.silva95@email.com,Londrina,PR,Sul,P004,Mouse Sem Fio,Periféricos,Marketplace,Gustavo Nunes,3,129.90,0.00,62.00,Concluído,Cartão de Débito,5
V000231,2025-02-08,C0089,Henrique Pereira,henrique.pereira89@email.com,Caxias do Sul,RS,Sul,P009,Tablet 10,Telefonia,WhatsApp,Carla Mendes,2,1899.90,0.15,1370.00,Devolvido,Cartão de Débito,
V000232,2025-02-09,C0203,Olívia Lima,olivia.lima9@email.com,Maringá,PR,Sul,P011,Smart TV 43,Eletrônicos,E-commerce,Ana Lima,2,1999.90,0.00,1420.00,Concluído,Boleto,1
V000233,2025-11-07,C0160,João Souza,joao.souza63@email.com,Petrópolis,RJ,Sudeste,P009,Tablet 10,Telefonia,WhatsApp,Bruno Rocha,5,1899.90,0.00,1370.00,Concluído,Cartão de Débito,4
V000234,2025-11-25,C0138,Samuel Silva,samuel.silva41@email.com,Feira de Santana,BA,Nordeste,P014,Air Fryer 5L,Eletroportáteis,Loja Física,Diego Alves,1,599.90,0.20,330.00,Concluído,Boleto,5
V000235,2025-02-27,C0264,Samuel Silva,samuel.silva70@email.com,Feira de Santana,BA,Nordeste,P006,Headset Gamer,Periféricos,Loja Física,Fernanda Souza,2,289.90,0.05,158.00,Concluído,Cartão de Crédito,5
V000236,2025-06-27,C0099,Daniel Ribeiro,daniel.ribeiro2@email.com,Niterói,RJ,Sudeste,P007,Smartphone X,Telefonia,Loja Física,Diego Alves,1,2799.90,0.00,2050.00,Concluído,Boleto,4
V000237,2026-01-13,C0422,Daniel Nascimento,daniel.nascimento34@email.com,Sobral,CE,Nordeste,P015,Aspirador Vertical,Eletroportáteis,WhatsApp,Bruno Rocha,2,749.90,0.00,420.00,Concluído,Cartão de Débito,5
V000238,2025-07-01,C0446,Karen Santos,karen.santos58@email.com,Manaus,AM,Norte,P016,Cadeira Office,MÓVEIS,Marketplace,Gustavo Nunes,1,1099.90,0.00,690.00,Devolvido,Cartão de Crédito,
V000239,2025-10-19,C0015,Samuel Pereira,samuel.pereira15@email.com,Petrópolis,RJ,Sudeste,P013,Cafeteira Premium,Eletroportáteis,Loja Física,Carla Mendes,3,449.90,0.20,250.00,Concluído,PIX,4
V000240,2025-07-31,C0138,Samuel Silva,samuel.silva41@email.com,Feira de Santana,BA,Nordeste,P014,Air Fryer 5L,Eletroportáteis,Loja Física,Ana Lima,1,599.90,0.00,330.00,Devolvido,PIX,
V000241,2025-01-09,C0115,Felipe Rodrigues,felipe.rodrigues18@email.com,Manaus,AM,Norte,P009,Tablet 10,Telefonia,Marketplace,Fernanda Souza,1,1899.90,0.05,1370.00,Em transporte,Boleto,
V000242,2026-04-16,C0130,Samuel Gomes,samuel.gomes33@email.com,Manaus,AM,Norte,P007,Smartphone X,Telefonia,WhatsApp,Fernanda Souza,2,2799.90,0.20,2050.00,Cancelado,Cartão de Débito,
V000243,2025-04-15,C0004,Ana Santos,ana.santos4@email.com,Campinas,SP,Sudeste,P017,Mesa Escritório,Móveis,Marketplace,Fernanda Souza,1,899.90,0.00,540.00,Concluído,Boleto,2
V000244,2025-10-11,C0328,Paulo Pereira,paulo.pereira37@email.com,Blumenau,SC,Sul,P011,Smart TV 43,Eletrônicos,Marketplace,Fernanda Souza,2,1999.90,0.15,1420.00,Concluído,PIX,4
V000245,2026/06/14,C0392,Felipe Oliveira,felipe.oliveira4@email.com,São José dos Campos,SP,Sudeste,P008,Smartphone Lite,Telefonia,Loja Física,Helena Prado,2,1599.90,0.15,1160.00,Concluído,Cartão de Débito,1
V000246,2025-10-30,C0133,João Nascimento,joao.nascimento36@email.com,Petrópolis,RJ,Sudeste,P014,Air Fryer 5L,Eletroportáteis,WhatsApp,Helena Prado,2,599.90,0.10,330.00,Devolvido,PIX,
V000247,2025-12-18,C0372,Renata Lima,renata.lima81@email.com,Olinda,PE,Nordeste,P008,Smartphone Lite,Telefonia,WhatsApp,Gustavo Nunes,1,1599.90,0.20,1160.00,Concluído,PIX,5
V000248,2025-10-28,C0050,Renata Lima,renata.lima50@email.com,Joinville,SC,Sul,P016,Cadeira Office,Móveis,E-commerce,Fernanda Souza,2,1099.90,0.10,690.00,Em transporte,PIX,
V000249,2025-12-10,C0336,Ana Lima,ana.lima45@email.com,Caruaru,PE,Nordeste,P003,Monitor 27 IPS,Informática,E-commerce,Gustavo Nunes,1,1299.90,0.20,890.00,Concluído,Boleto,5
V000250,2026-01-16,C0134,Nicolas Costa,nicolas.costa37@email.com,Brasília,DF,Centro-Oeste,P010,Smart TV 55,Eletrônicos,WhatsApp,Bruno Rocha,1,2899.90,0.20,2070.00,Devolvido,Cartão de Crédito,
V000251,2026-04-29,C0100,João Lima,joao.lima3@email.com,Florianópolis,SC,Sul,P017,Mesa Escritório,Móveis,Loja Física,Helena Prado,1,899.90,0.05,540.00,Concluído,PIX,3
V000252,2025/07/25,C0176,Olívia Oliveira,olivia.oliveira79@email.com,Belo Horizonte,MG,Sudeste,P014,Air Fryer 5L,Eletroportáteis,WhatsApp,Carla Mendes,1,599.90,0.15,330.00,Concluído,Cartão de Débito,2
V000253,2025-12-07,C0324,Talita Costa,talita.costa33@email.com,Campinas,SP,Sudeste,P006,Headset Gamer,Periféricos,Marketplace,Ana Lima,1,289.90,0.00,158.00,Concluído,PIX,3
V000254,2026-05-17,C0403,Nicolas Santos,nicolas.santos15@email.com,Caxias do Sul,RS,Sul,P003,Monitor 27 IPS,Informática,E-commerce,Helena Prado,2,1299.90,0.05,890.00,Concluído,Cartão de Débito,5
V000255,05/01/2025,C0020,Gabriela Gomes,gabriela.gomes20@email.com,Caxias do Sul,,Sul,P018,Estante Modular,Móveis,E-commerce,Gustavo Nunes,5,649.90,0.00,380.00,Em transporte,PIX,
V000256,00/05/2025,C0347,Olívia Almeida,olivia.almeida56@email.com,Curitiba,PR,Sul,P001,Notebook Pro 15,Informática,E-commerce,Diego Alves,2,4599.90,0.00,3480.00,Concluído,Cartão de Crédito,3
V000257,2026-01-28,C0258,Felipe Almeida,felipe.almeida64@email.com,Manaus,AM,Norte,P010,Smart TV 55,Eletrônicos,E-commerce,Bruno Rocha,3,2899.90,0.00,2070.00,Concluído,Boleto,5
V000258,2026-03-21,C0352,Karen Souza,karen.souza61@email.com,Campinas,SP,Sudeste,P005,Teclado Mecânico,Periféricos,Marketplace,Igor Martins,1,349.90,0.00,195.00,Concluído,Cartão de Crédito,5
V000259,2025-08-22,C0115,Felipe Rodrigues,felipe.rodrigues18@email.com,Manaus,AM,Norte,P005,Teclado Mecânico,Periféricos,E-commerce,Ana Lima,2,349.90,0.00,195.00,Concluído,Cartão de Crédito,4
V000260,2026-01-20,C0449,Eduarda Costa,eduarda.costa61@email.com,Goiânia,GO,Centro-Oeste,P009,Tablet 10,Telefonia,Loja Física,Ana Lima,2,1899.90,0.15,1370.00,Em transporte,Cartão de Crédito,
V000261,2025-02-19,C0354,Samuel Souza,samuel.souza63@email.com,Manaus,AM,Norte,P004,Mouse Sem Fio,Periféricos,market place,Igor Martins,1,129.90,0.10,62.00,Concluído,PIX,5
V000262,2025-07-30,C0356,Isabela Oliveira,isabela.oliveira65@email.com,Campinas,SP,Sudeste,P001,Notebook Pro 15,Informática,Marketplace,Helena Prado,2,4599.90,0.15,3480.00,Cancelado,Boleto,
V000263,2025-05-21,C0215,Lucas Rodrigues,lucas.rodrigues21@email.com,Sobral,CE,Nordeste,P004,Mouse Sem Fio,Periféricos,Loja Física,,1,129.90,0.00,62.00,Concluído,PIX,4
V000264,2025-09-27,C0426,Eduarda Gomes,eduarda.gomes38@email.com,Goiânia,GO,Centro-Oeste,P017,Mesa Escritório,Móveis,E-commerce,Gustavo Nunes,2,899.90,0.00,540.00,Concluído,Cartão de Débito,1
V000265,2025-08-01,C0353,Talita Souza,talita.souza62@email.com,Manaus,AM,Norte,P016,Cadeira Office,Móveis,Marketplace,Diego Alves,1,1099.90,0.15,690.00,Concluído,Cartão de Débito,2
V000266,2025-06-02,C0047,Henrique Lima,henrique.lima47@email.com,São Paulo,SP,Sudeste,P017,Mesa Escritório,Móveis,Loja Física,Bruno Rocha,4,899.90,0.15,540.00,Concluído,Boleto,5
V000267,2025-09-28,C0238,Talita Lima,talita.lima44@email.com,Florianópolis,SC,Sul,P002,Notebook Air 14,Informática,Loja Física,Carla Mendes,3,3299.90,0.20,2480.00,Concluído,Boleto,4
V000268,2026-03-13,C0379,Camila Rodrigues,camila.rodrigues88@email.com,Rio de Janeiro,RJ,Sudeste,P004,Mouse Sem Fio,Periféricos,Loja Física,Ana Lima,1,129.90,0.00,62.00,Devolvido,PIX,
V000269,2025-12-03,C0184,Eduarda Almeida,eduarda.almeida87@email.com,Maringá,PR,Sul,P015,Aspirador Vertical,Eletroportáteis,Marketplace,Bruno Rocha,1,749.90,0.00,420.00,Concluído,Cartão de Débito,2
V000270,2026-02-14,C0234,Henrique Santos,henrique.santos40@email.com,Duque de Caxias,RJ,Sudeste,P009,Tablet 10,Telefonia,WhatsApp,Igor Martins,3,1899.90,0.15,1370.00,Em transporte,PIX,
V000271,2025-04-26,C0068,Gabriela Nascimento,gabriela.nascimento68@email.com,Londrina,PR,Sul,P002,Notebook Air 14,Informática,E-commerce,Bruno Rocha,1,3299.90,0.10,2480.00,Concluído,Cartão de Débito,
V000272,2025-07-05,C0313,Nicolas Ribeiro,nicolas.ribeiro22@email.com,Brasília,DF,Centro-Oeste,P013,Cafeteira Premium,Eletroportáteis,Marketplace,Ana Lima,3,449.90,0.20,250.00,Devolvido,PIX,
V000273,2026-05-10,C0250,João Lima,joao.lima56@email.com,Juiz de Fora,MG,Sudeste,P004,Mouse Sem Fio,Periféricos,WhatsApp,Igor Martins,1,129.90,0.00,62.00,Devolvido,Boleto,
V000274,2025-01-13,C0361,Nicolas Nascimento,nicolas.nascimento70@email.com,Belo Horizonte,MG,Sudeste,P017,Mesa Escritório,Móveis,E-commerce,Gustavo Nunes,1,899.90,0.15,540.00,Devolvido,Cartão de Crédito,
V000275,2026-03-20,C0339,Nicolas Santos,nicolas.santos48@email.com,Brasília,DF,Centro-Oeste,P008,Smartphone Lite,Telefonia,WhatsApp,Gustavo Nunes,2,1599.90,0.15,1160.00,Concluído,Cartão de Crédito,3
V000276,2025-01-12,C0330,Henrique Gomes,henrique.gomes39@email.com,Contagem,MG,Sudeste,P006,Headset Gamer,Periféricos,WhatsApp,Igor Martins,3,289.90,0.00,158.00,Em transporte,Cartão de Débito,
V000277,2025-11-25,C0124,Daniel Pereira,daniel.pereira27@email.com,Campinas,SP,Sul,P011,Smart TV 43,Eletrônicos,Marketplace,Ana Lima,1,1999.90,0.10,1420.00,Devolvido,Cartão de Débito,
V000278,2026-02-17,C0419,Talita Rodrigues,talita.rodrigues31@email.com,Vitória da Conquista,BA,Nordeste,P008,Smartphone Lite,Telefonia,Loja Física,Igor Martins,1,1599.90,0.10,1160.00,Concluído,Cartão de Débito,2
V000279,2026-04-03,C0162,Eduarda Souza,eduarda.souza65@email.com,Contagem,MG,Sudeste,P004,Mouse Sem Fio,Periféricos,WhatsApp,Ana Lima,1,129.90,0.05,62.00,Concluído,Cartão de Crédito,5
V000280,2025-04-04,C0406,Ana Souza,ana.souza18@email.com,Santos,SP,Sudeste,P010,Smart TV 55,Eletrônicos,E-commerce,Igor Martins,5,2899.90,0.00,2070.00,Em transporte,Cartão de Crédito,
V000281,2025-08-17,C0433,Olívia Silva,olivia.silva45@email.com,Recife,PE,Nordeste,P015,Aspirador Vertical,Eletroportáteis,Marketplace,Igor Martins,2,749.90,0.00,420.00,Devolvido,Cartão de Débito,
V000282,2025-04-27,C0050,Renata Lima,renata.lima50@email.com,Joinville,SC,Sul,P008,Smartphone Lite,Telefonia,Loja Física,Gustavo Nunes,1,1599.90,0.15,1160.00,Em transporte,Boleto,
V000283,2026-07-15,C0268,Gabriela Nascimento,gabriela.nascimento74@email.com,Santos,SP,Sudeste,P012,Soundbar 2.1,Eletrônicos,Loja Física,Ana Lima,4,899.90,0.05,530.00,Concluído,Cartão de Crédito,5
V000284,2025-09-18,C0313,Nicolas Ribeiro,nicolas.ribeiro22@email.com,Brasília,DF,Centro-Oeste,P007,Smartphone X,Telefonia,E-commerce,Bruno Rocha,4,2799.90,0.05,2050.00,Concluído,PIX,5
V000285,2025-12-13,C0056,Talita Souza,talita.souza56@email.com,Curitiba,PR,Sul,P014,Air Fryer 5L,Eletroportáteis,Loja Física,Bruno Rocha,2,599.90,0.05,330.00,Concluído,PIX,
V000286,2026-05-26,C0003,Samuel Santos,samuel.santos3@email.com,Duque de Caxias,RJ,Sudeste,P017,Mesa Escritório,moveis,Loja Física,Helena Prado,3,899.90,0.05,540.00,Cancelado,BOLETO,
V000287,27/06/2025,C0375,Olívia Rodrigues,olivia.rodrigues84@email.com,Caxias do Sul,RS,Sul,P005,Teclado Mecânico,Periféricos,Loja Física,Helena Prado,2,349.90,0.10,195.00,Concluído,Cartão de Débito,5
V000288,2026-03-05,C0312,Lucas Lima,lucas.lima21@email.com,Olinda,PE,Nordeste,P008,Smartphone Lite,Telefonia,Marketplace,Helena Prado,5,1599.90,0.00,1160.00,Concluído,PIX,3
V000289,2026-02-27,C0309,Isabela Almeida,isabela.almeida18@email.com,Olinda,PE,Nordeste,P017,Mesa Escritório,Móveis,Marketplace,Gustavo Nunes,2,899.90,0.10,540.00,Devolvido,PIX,
V000290,2025-07-25,C0108,Eduarda Nascimento,eduarda.nascimento11@email.com,Belém,PA,Norte,P010,Smart TV 55,Eletrônicos,Marketplace,Carla Mendes,6,2899.90,0.15,2070.00,Concluído,Boleto,5
V000291,2025-04-29,C0390,ISABELA SILVA,isabela.silva2@email.com,Goiânia,GO,Centro-Oeste,P012,Soundbar 2.1,Eletrônicos,WhatsApp,Helena Prado,2,899.90,0.20,530.00,Cancelado,Boleto,
V000292,2026-03-09,C0414,Talita Rodrigues,talita.rodrigues26@email.com,Pelotas,RS,Sul,P001,Notebook Pro 15,Informática,Loja Física,Ana Lima,1,4599.90,0.00,3480.00,Devolvido,Cartão de Crédito,
V000293,2025-07-24,C0137,Felipe Lima,felipe.lima40@email.com,Brasília,DF,Centro-Oeste,P006,Headset Gamer,Periféricos,Marketplace,Fernanda Souza,1,289.90,0.00,158.00,Devolvido,Boleto,
V000294,2025-07-28,C0386,Paulo Souza,paulo.souza95@email.com,Belo Horizonte,MG,Sudeste,P018,Estante Modular,Móveis,Loja Física,Gustavo Nunes,3,649.90,0.00,380.00,Cancelado,PIX,
V000295,2026-07-29,C0200,Samuel Almeida,samuel.almeida6@email.com,Anápolis,GO,Centro-Oeste,P008,Smartphone Lite,Telefonia,Marketplace,Ana Lima,4,1599.90,0.05,1160.00,Concluído,Cartão de Crédito,4
V000296,2025-01-14,C0381,Talita Nascimento,talita.nascimento90@email.com,São José dos Campos,SP,Sudeste,P009,Tablet 10,Telefonia,E-commerce,Igor Martins,3,1899.90,0.15,"R$ 1.370,00",Devolvido,Boleto,
V000297,2026-07-14,C0379,Camila Rodrigues,camila.rodrigues88@email.com,Rio de Janeiro,RJ,Sudeste,P007,Smartphone X,Telefonia,E-commerce,Fernanda Souza,1,2799.90,0.15,2050.00,Concluído,PIX,3
V000298,2026-06-11,C0062,Paulo Rodrigues,paulo.rodrigues62@email.com,Manaus,AM,Norte,P013,Cafeteira Premium,Eletroportáteis,WHATSAPP,Helena Prado,1,449.90,0.00,250.00,Concluído,Boleto,3
V000299,2025-01-06,C0170,Henrique Pereira,henrique.pereira73@email.com,Olinda,PE,Nordeste,P015,Aspirador Vertical,Eletroportáteis,E-commerce,Ana Lima,1,749.90,0.00,420.00,CONCLUÍDO,Cartão de Crédito,
V000300,05/11/2025,C0252,Mariana Pereira,mariana.pereira58@email.com,Blumenau,SC,Sul,P018,Estante Modular,Móveis,E-COMMERCE,Bruno Rocha,2,649.90,0.00,380.00,Cancelado,PIX,
V000301,2025-07-08,C0267,Samuel Almeida,samuel.almeida73@email.com,Brasília,DF,Centro-Oeste,P003,Monitor 27 IPS,Informática,E-commerce,Helena Prado,1,1299.90,0.05,890.00,Concluído,PIX,4
V000302,2025-08-07,C0340,Bruno Pereira,bruno.pereira49@email.com,Sorocaba,SP,Sudeste,P011,Smart TV 43,Eletrônicos,Marketplace,Gustavo Nunes,1,1999.90,0.20,1420.00,Cancelado,Cartão de Débito,
V000303,2026-07-29,C0422,Daniel Nascimento,daniel.nascimento34@email.com,Sobral,CE,Nordeste,P001,Notebook Pro 15,Informática,Loja Física,Gustavo Nunes,1,4599.90,0.15,3480.00,Cancelado,PIX,
V000304,2025-02-10,C0350,Gabriela Santos,gabriela.santos59@email.com,Joinville,SC,Sul,P011,Smart TV 43,Eletrônicos,WhatsApp,Bruno Rocha,1,1999.90,0.10,1420.00,Devolvido,Boleto,
V000305,2025-01-26,C0265,Karen Pereira,karen.pereira71@email.com,Petrópolis,RJ,Sudeste,P012,Soundbar 2.1,Eletrônicos,WhatsApp,Igor Martins,1,899.90,0.15,530.00,Concluído,Cartão de Crédito,4
V000306,2025-04-09,C0086,VINÍCIUS SILVA,vinicius.silva86@email.com,Aparecida de Goiânia,GO,Centro-Oeste,P018,Estante Modular,Móveis,Loja Física,Bruno Rocha,1,649.90,0.15,380.00,Em transporte,PIX,
V000307,2026-03-11,C0428,Talita Gomes,talita.gomes40@email.com,Brasília,DF,Centro-Oeste,P004,Mouse Sem Fio,Periféricos,E-commerce,Equipe Digital,3,129.90,0.15,62.00,Em transporte,Cartão de Débito,
V000308,2025-03-15,C0383,Nicolas Ribeiro,nicolas.ribeiro92@email.com,Brasília,DF,Centro-Oeste,P005,Teclado Mecânico,Periféricos,Loja Física,Igor Martins,2,"R$ 349,90",0.00,195.00,Concluído,Cartão de Crédito,2
V000309,2025-07-02,C0407,Eduarda Pereira,eduarda.pereira19@email.com,Londrina,PR,Sul,P009,Tablet 10,Telefonia,Loja Física,Diego Alves,4,1899.90,0.05,1370.00,Concluído,Cartão de Débito,5
V000310,2026-03-20,C0162,Eduarda Souza,eduarda.souza65@email.com,Contagem,MG,Sudeste,P001,Notebook Pro 15,Informática,WhatsApp,Bruno Rocha,1,4599.90,0.15,3480.00,Devolvido,Cartão de Crédito,
V000311,2025-02-16,C0359,Henrique Lima,henrique.lima68@email.com,Caxias do Sul,RS,Sul,P003,Monitor 27 IPS,Informática,Marketplace,Bruno Rocha,1,1299.90,0.15,890.00,Concluído,Cartão de Crédito,
V000312,2025-10-16,C0392,Felipe Oliveira,felipe.oliveira4@email.com,São José dos Campos,SP,Sudeste,P015,Aspirador Vertical,Eletroportáteis,WhatsApp,Helena Prado,3,749.90,0.00,420.00,Concluído,PIX,3
V000313,2025-05-20,C0383,Nicolas Ribeiro,nicolas.ribeiro92@email.com,Brasília,DF,Centro-Oeste,P013,Cafeteira Premium,Eletroportáteis,Marketplace,Carla Mendes,1,449.90,0.20,250.00,Em transporte,Boleto,
V000314,2025-01-12,C0284,Talita Gomes,talita.gomes90@email.com,Anápolis,GO,Centro-Oeste,P018,Estante Modular,Móveis,E-commerce,Bruno Rocha,1,649.90,0.10,380.00,Cancelado,Cartão de Débito,
V000315,2026-07-05,C0281,Eduarda Santos,eduarda.santos87@email.com,Ananindeua,PA,Norte,P003,Monitor 27 IPS,Informática,Marketplace,Diego Alves,2,1299.90,0.15,890.00,Concluído,Cartão de Débito,4
V000316,2026-06-09,C0073,Henrique Oliveira,henrique.oliveira73@email.com,Manaus,AM,Norte,P006,Headset Gamer,Periféricos,E-commerce,Diego Alves,2,289.90,0.00,158.00,Concluído,PIX,2
V000317,2025-02-25,C0436,Talita Nascimento,talita.nascimento48@email.com,Caruaru,PE,Nordeste,P018,Estante Modular,Móveis,WhatsApp,Bruno Rocha,1,649.90,0.00,380.00,Concluído,PIX,2
V000318,2026-05-14,C0170,Henrique Pereira,henrique.pereira73@email.com,Olinda,PE,Nordeste,P012,Soundbar 2.1,Eletrônicos,E-commerce,Diego Alves,1,899.90,0.10,530.00,Concluído,Boleto,
V000319,2026-05-13,C0231,Camila Rodrigues,camila.rodrigues37@email.com,Duque de Caxias,RJ,Sudeste,P011,Smart TV 43,Eletrônicos,Marketplace,Carla Mendes,2,1999.90,0.00,1420.00,Em transporte,Boleto,
V000320,2026-03-15,C0087,Nicolas Gomes,nicolas.gomes87@email.com,Petrópolis,RJ,Norte,P001,Notebook Pro 15,Informática,Marketplace,Diego Alves,2,4599.90,0.15,3480.00,Devolvido,Cartão de Débito,
V000321,2025-10-11,C0431,Isabela Lima,isabela.lima43@email.com,Manaus,AM,Norte,P012,Soundbar 2.1,Eletrônicos,E-commerce,Gustavo Nunes,3,899.90,0.05,530.00,Concluído,Boleto,4
V000322,2026-05-14,C0283,João Ribeiro,joao.ribeiro89@email.com,Santos,SP,Sudeste,P004,Mouse Sem Fio,Periféricos,E-commerce,Bruno Rocha,3,129.90,0.20,62.00,Em transporte,PIX,
V000323,2026-07-06,C0101,Karen Souza,karen.souza4@email.com,Santarém,PA,Norte,P009,Tablet 10,Telefonia,Loja Física,Bruno Rocha,4,1899.90,0.20,1370.00,Cancelado,Cartão de Crédito,
V000324,2026-02-19,C0394,Ana Santos,ana.santos6@email.com,Santarém,PA,Norte,P007,Smartphone X,Telefonia,Loja Física,Fernanda Souza,1,2799.90,0.10,0.00,Concluído,Boleto,3
V000325,2026-02-06,C0115,Felipe Rodrigues,felipe.rodrigues18@email.com,Manaus,AM,Norte,P010,Smart TV 55,Eletrônicos,E-commerce,Igor Martins,1,2899.90,0.00,2070.00,Concluído,Cartão de Crédito,4
V000326,2025-09-02,C0435,VINÍCIUS LIMA,vinicius.lima47@email.com,Duque de Caxias,RJ,Sudeste,P006,Headset Gamer,Periféricos,E-commerce,Igor Martins,1,289.90,0.10,158.00,Cancelado,PIX,
V000327,2026-05-11,C0184,Eduarda Almeida,eduarda.almeida87@email.com,Maringá,PR,Sul,P002,Notebook Air 14,Informática,E-commerce,Igor Martins,1,3299.90,0.00,2480.00,Concluído,Cartão de Crédito,4
V000328,2025-07-31,C0266,Mariana Nascimento,mariana.nascimento72@email.com,Rio de Janeiro,RJ,Sudeste,P012,Soundbar 2.1,Eletrônicos,WhatsApp,Igor Martins,4,899.90,0.00,530.00,Concluído,Cartão de Crédito,4
V000329,2026-06-18,C0325,João Costa,joao.costa34@email.com,Duque de Caxias,RJ,Sudeste,P009,Tablet 10,Telefonia,Marketplace,Carla Mendes,1,1899.90,0.05,1370.00,Concluído,Cartão de Crédito,
V000330,2026-06-14,C0129,Nicolas Silva,nicolas.silva32@email.com,São José dos Campos,SP,Sudeste,P013,Cafeteira Premium,Eletroportáteis,E-commerce,Equipe Digital,1,449.90,0.20,250.00,Em transporte,Boleto,
V000331,2026-05-14,C0406,Ana Souza,ana.souza18@email.com,Santos,SP,Sudeste,P016,Cadeira Office,Móveis,Loja Física,Carla Mendes,1,1099.90,0.00,690.00,Concluído,Boleto,5
V000332,2025-08-05,C0077,Samuel Gomes,samuel.gomes77@email.com,Vitória da Conquista,BA,Nordeste,P006,Headset Gamer,Telefonia,E-commerce,Gustavo Nunes,2,289.90,0.20,158.00,Concluído,Cartão de Débito,4
V000333,2025-12-05,C0369,Vinícius Oliveira,vinicius.oliveira78@email.com,Porto Alegre,RS,Sul,P004,Mouse Sem Fio,Periféricos,WhatsApp,Igor Martins,1,129.90,0.10,62.00,Concluído,Cartão de Crédito,5
V000334,2025-09-07,C0023,Olívia Rodrigues,olivia.rodrigues23@email.com,Juiz de Fora,MG,Sudeste,P005,Teclado Mecânico,Periféricos,E-commerce,Carla Mendes,2,349.90,0.00,195.00,Cancelado,PIX,
V000335,2025-02-27,C0086,Vinícius Silva,vinicius.silva86@email.com,Aparecida de Goiânia,GO,Centro-Oeste,P009,Tablet 10,Telefonia,E-commerce,Equipe Digital,5,1899.90,0.10,1370.00,Cancelado,Cartão de Crédito,
V000336,2025-10-18,C0044,Lucas Oliveira,lucas.oliveira44@email.com,Belo Horizonte,MG,Sudeste,P007,Smartphone X,Telefonia,WhatsApp,Igor Martins,3,2799.90,0.00,2050.00,Concluído,PIX,5
V000337,2025-07-06,C0320,Henrique Lima,henrique.lima29@email.com,Joinville,SC,Sul,P017,Mesa Escritório,Móveis,Marketplace,Carla Mendes,2,899.90,0.00,540.00,Concluído,Cartão de Crédito,
V000338,2025-08-24,C0194,Nicolas Gomes,nicolas.gomes0@email.com,Juazeiro do Norte,CE,Nordeste,P013,Cafeteira Premium,Eletroportáteis,loja física,Bruno Rocha,1,449.90,0.10,250.00,Em transporte,Cartão de Débito,
V000339,2025-06-03,C0311,Samuel Oliveira,samuel.oliveira20@email.com,Brasília,DF,Centro-Oeste,P004,Mouse Sem Fio,Periféricos,E-commerce,Igor Martins,4,129.90,0.10,62.00,Concluído,Cartão de Crédito,5
V000340,2025-04-06,C0247,Gabriela Rodrigues,gabriela.rodrigues53@email.com,Brasília,DF,Centro-Oeste,P005,Teclado Mecânico,Periféricos,Loja Física,Helena Prado,1,"R$ 349,90",0.00,195.00,Em transporte,Cartão de Crédito,
V000341,2026-06-27,C0220,Felipe Souza,felipe.souza26@email.com,Manaus,AM,Norte,P008,Smartphone Lite,Telefonia,WhatsApp,Helena Prado,1,1599.90,0.20,1160.00,Devolvido,Cartão de Crédito,
V000342,2026-03-12,C0069,NICOLAS OLIVEIRA,nicolas.oliveira69@email.com,Juiz de Fora,MG,Sudeste,P009,Tablet 10,Telefonia,WhatsApp,Diego Alves,4,1899.90,0.00,1370.00,Concluído,Cartão de Débito,
V000343,2025-09-21,C0097,Ana Gomes,ana.gomes0@email.com,Sobral,CE,Sudeste,P001,Notebook Pro 15,Informática,Loja Física,Bruno Rocha,1,4599.90,0.05,3480.00,Devolvido,PIX,
V000344,2025-11-20,C0210,Samuel Souza,samuel.souza16@email.com,CARUARU,PE,Nordeste,P012,Soundbar 2.1,Eletrônicos,Loja Física,Carla Mendes,1,899.90,0.10,530.00,Concluído,Cartão de Débito,4
V000345,2026-01-10,C0314,João Souza,joao.souza23@email.com,Olinda,PE,Nordeste,P009,Tablet 10,Telefonia,WhatsApp,Diego Alves,1,1899.90,0.20,"R$ 1.370,00",Cancelado,Cartão de Débito,
V000346,2025-07-03,C0190,Mariana Rodrigues,mariana.rodrigues93@email.com,Brasília,DF,Centro-Oeste,P018,Estante Modular,Móveis,WhatsApp,Fernanda Souza,6,649.90,0.10,0.00,Concluído,PIX,5
V000347,2025-05-02,C0383,Nicolas Ribeiro,nicolas.ribeiro92@email.com,Brasília,DF,Centro-Oeste,P008,Smartphone Lite,Telefonia,WhatsApp,Carla Mendes,1,1599.90,0.10,1160.00,Concluído,Cartão de Crédito,4
V000348,2025-06-14,C0200,Samuel Almeida,samuel.almeida6@email.com,Anápolis,GO,Centro-Oeste,P001,Notebook Pro 15,Informática,Loja Física,Carla Mendes,1,4599.90,0.10,3480.00,Concluído,Cartão de Crédito,2
V000349,2025-09-27,C0114,Eduarda Souza,eduarda.souza17@email.com,Belém,PA,Norte,P012,Soundbar 2.1,Eletrônicos,Loja Física,Ana Lima,2,899.90,0.05,530.00,Cancelado,Boleto,
V000350,2025-02-28,C0397,Karen Lima,karen.lima9@email.com,Blumenau,SC,Sul,P006,Headset Gamer,Periféricos,WhatsApp,Igor Martins,1,289.90,0.20,158.00,Devolvido,Boleto,
V000351,2025-07-19,C0018,Daniel Rodrigues,daniel.rodrigues18@email.com,Londrina,PR,Sul,P017,Mesa Escritório,Móveis,E-commerce,Carla Mendes,2,899.90,0.00,540.00,Concluído,PIX,1
V000352,2025-03-30,C0142,Felipe Gomes,felipe.gomes45@email.com,Manaus,AM,Norte,P013,Cafeteira Premium,Eletroportáteis,Marketplace,Helena Prado,1,449.90,0.00,250.00,Cancelado,Cartão de Crédito,
V000353,2025-03-12,C0047,Henrique Lima,henrique.lima47@email.com,São Paulo,SP,Sudeste,P018,Estante Modular,Móveis,Marketplace,Gustavo Nunes,1,649.90,0.20,380.00,Concluído,PIX,4
V000354,2026-04-11,C0207,Vinícius Ribeiro,vinicius.ribeiro13@email.com,Joinville,SC,Sul,P001,Notebook Pro 15,Informática,market place,Carla Mendes,1,4599.90,0.00,3480.00,Cancelado,Cartão de Crédito,
V000355,2026-05-31,C0151,Daniel Rodrigues,daniel.rodrigues54@email.com,Campinas,SP,Sudeste,P011,Smart TV 43,Eletrônicos,Loja Física,Fernanda Souza,3,1999.90,0.20,1420.00,Em transporte,Boleto,
V000356,2026-03-30,C0194,Nicolas Gomes,nicolas.gomes0@email.com,Juazeiro do Norte,CE,Nordeste,P016,Cadeira Office,Móveis,E-commerce,Gustavo Nunes,5,"R$ 1.099,90",0.05,690.00,Devolvido,Cartão de Débito,
V000357,2025-01-29,C0247,Gabriela Rodrigues,gabriela.rodrigues53@email.com,Brasília,DF,Centro-Oeste,P004,Mouse Sem Fio,Periféricos,Marketplace,Bruno Rocha,1,129.90,0.20,62.00,Concluído,Boleto,
V000358,2026-02-27,C0181,Lucas Souza,lucas.souza84@email.com,São Paulo,SP,Sudeste,P017,Mesa Escritório,Móveis,Loja Física,Fernanda Souza,1,899.90,0.00,540.00,Concluído,Cartão de Crédito,4
V000359,2026-07-22,C0092,Talita Santos,talita.santos92@email.com,Goiânia,GO,Centro-Oeste,P016,Cadeira Office,Móveis,Marketplace,Gustavo Nunes,1,1099.90,0.10,690.00,Concluído,PIX,3
V000360,2026-05-26,C0378,Paulo Santos,paulo.santos87@email.com,Brasília,DF,Centro-Oeste,P007,Smartphone X,Telefonia,E-commerce,Diego Alves,3,2799.90,0.00,2050.00,Concluído,PIX,4
V000361,2025-12-31,C0080,Bruno Ribeiro,bruno.ribeiro80@email.com,JUAZEIRO DO NORTE,CE,Nordeste,P004,Mouse Sem Fio,Periféricos,Loja Física,Bruno Rocha,2,129.90,0.15,62.00,Concluído,Cartão de Crédito,
V000362,2026-07-09,C0022,Samuel Ribeiro,samuel.ribeiro22@email.com,Uberlândia,MG,Sudeste,P016,Cadeira Office,moveis,Marketplace,Gustavo Nunes,1,1099.90,0.10,690.00,Em transporte,Boleto,
V000363,2026-05-18,C0094,Lucas Santos,lucas.santos94@email.com,Uberlândia,MG,Sudeste,P017,Mesa Escritório,Móveis,Marketplace,Helena Prado,1,899.90,0.10,540.00,Concluído,Cartão de Débito,1
V000364,2026-05-05,C0277,João Nascimento,joao.nascimento83@email.com,Caruaru,PE,Nordeste,P002,Notebook Air 14,Informática,Marketplace,Helena Prado,3,3299.90,0.20,2480.00,Concluído,Cartão de Crédito,5
V000365,2026-06-15,C0236,Renata Rodrigues,renata.rodrigues42@email.com,Manaus,AM,Norte,P011,Smart TV 43,Eletrônicos,Loja Física,Ana Lima,2,1999.90,0.05,1420.00,Cancelado,Cartão de Crédito,
V000366,2025-11-30,C0186,Isabela Costa,isabela.costa89@email.com,Belém,PA,Norte,P009,Tablet 10,Telefonia,E-commerce,Equipe Digital,1,1899.90,0.00,1370.00,Concluído,Boleto,
V000367,2026-01-10,C0095,João Oliveira,joao.oliveira95@email.com,Caxias do Sul,XX,Sul,P016,Cadeira Office,Móveis,WhatsApp,Diego Alves,1,1099.90,0.20,690.00,Concluído,Cartão de Débito,4
V000368,2025-10-14,C0231,Camila Rodrigues,camila.rodrigues37@email.com,Duque de Caxias,RJ,Sudeste,P006,Headset Gamer,Periféricos,E-commerce,Diego Alves,3,289.90,0.15,158.00,Concluído,Cartão de Débito,4
V000369,2026-01-26,C0101,Karen Souza,karen.souza4@email.com,Santarém,PA,Norte,P005,Teclado Mecânico,Periféricos,E-commerce,Igor Martins,3,349.90,0.00,195.00,Concluído,PIX,5
V000370,2026-06-14,C0274,Samuel Silva,samuel.silva80@email.com,Blumenau,SC,Sul,P011,Smart TV 43,Eletrônicos,WhatsApp,Fernanda Souza,1,1999.90,0.20,1420.00,Cancelado,Cartão de Crédito,
V000371,12/02/2026,C0051,Samuel Ribeiro,samuel.ribeiro51@email.com,Maringá,PR,Sul,P006,Headset Gamer,Periféricos,Loja Física,Diego Alves,3,289.90,0.05,158.00,Em transporte,Cartão de Crédito,
V000372,2026-04-06,C0382,Daniel Rodrigues,daniel.rodrigues91@email.com,Caxias do Sul,RS,,P011,Smart TV 43,Eletrônicos,Marketplace,Gustavo Nunes,1,1999.90,0.10,1420.00,Em transporte,Boleto,
V000373,2025-12-19,C0011,Karen Santos,karen.santos11@email.com,Manaus,AM,Norte,P014,Air Fryer 5L,Eletroportáteis,Loja Física,Gustavo Nunes,3,599.90,0.10,330.00,Concluído,PIX,
V000374,2025-10-19,C0182,Bruno Silva,bruno.silva85@email.com,Manaus,AM,Norte,P011,Smart TV 43,Eletrônicos,WhatsApp,Igor Martins,3,1999.90,0.05,1420.00,Cancelado,Boleto,
V000375,2026-04-20,C0324,Talita Costa,talita.costa33@email.com,Campinas,SP,Sudeste,P005,Teclado Mecânico,Periféricos,E-commerce,Gustavo Nunes,1,349.90,0.10,195.00,Cancelado,Cartão de Débito,
V000376,2025-03-15,C0041,Isabela Nascimento,isabela.nascimento41@email.com,Belém,PA,Norte,P006,Headset Gamer,Periféricos,Marketplace,Diego Alves,1,289.90,0.15,158.00,Concluído,Cartão de Débito,4
V000377,2025-10-05,C0228,Ana Lima,ana.lima34@email.com,Petrópolis,RJ,Sudeste,P012,Soundbar 2.1,Eletrônicos,WhatsApp,Helena Prado,1,899.90,0.20,530.00,Concluído,PIX,3
V000378,2025-09-15,C0381,Talita Nascimento,talita.nascimento90@email.com,São José dos Campos,SP,Sudeste,P003,Monitor 27 IPS,Informática,E-commerce,Carla Mendes,1,1299.90,0.00,890.00,Concluído,Cartão de Crédito,5
V000379,2025-01-27,C0395,Gabriela Rodrigues,gabriela.rodrigues7@email.com,Juazeiro do Norte,CE,Nordeste,P013,Cafeteira Premium,Eletroportáteis,Loja Física,Bruno Rocha,1,449.90,0.00,250.00,Concluído,Boleto,5
V000380,2025-08-23,C0127,Karen Rodrigues,karen.rodrigues30@email.com,Manaus,AM,Norte,P010,Smart TV 55,Eletrônicos,WhatsApp,Carla Mendes,1,2899.90,0.20,2070.00,Concluído,Cartão de Crédito,1
V000381,2026-01-01,C0441,FELIPE SILVA,felipe.silva53@email.com,Fortaleza,CE,Nordeste,P011,Smart TV 43,Eletrônicos,WhatsApp,Igor Martins,5,1999.90,0.10,1420.00,Concluído,Cartão de Débito,5
V000382,2025-05-19,C0358,Ana Oliveira,ana.oliveira67@email.com,Brasília,DF,Centro-Oeste,P018,Estante Modular,Móveis,E-commerce,Igor Martins,2,649.90,0.15,380.00,Cancelado,Cartão de Débito,
V000383,2026-06-21,C0328,Paulo Pereira,paulo.pereira37@email.com,Blumenau,SC,Sul,P018,Estante Modular,Móveis,Marketplace,Gustavo Nunes,1,649.90,0.00,380.00,Em transporte,Cartão de Crédito,
V000384,2026-03-29,C0158,Isabela Nascimento,isabela.nascimento61@email.com,Brasília,DF,Centro-Oeste,P012,Soundbar 2.1,Eletrônicos,WhatsApp,Fernanda Souza,1,899.90,0.00,530.00,Concluído,PIX,5
V000385,2025-12-19,C0147,Vinícius Santos,vinicius.santos50@email.com,Olinda,PE,Nordeste,P016,Cadeira Office,Móveis,Loja Física,Igor Martins,4,1099.90,0.05,690.00,Concluído,Cartão de Débito,1
V000386,2025-10-27,C0306,Felipe Oliveira,felipe.oliveira15@email.com,Goiânia,GO,Centro-Oeste,P008,Smartphone Lite,Telefonia,Loja Física,Gustavo Nunes,1,1599.90,0.10,1160.00,Concluído,cartao de credito,5
V000387,2025/06/17,C0367,Nicolas Gomes,nicolas.gomes76@email.com,Salvador,BA,Nordeste,P013,Cafeteira Premium,Eletroportáteis,E-COMMERCE,Diego Alves,1,449.90,0.05,250.00,Devolvido,PIX,
V000388,2026-06-14,C0392,Felipe Oliveira,felipe.oliveira4@email.com,São José dos Campos,SP,Sudeste,P009,Tablet 10,Telefonia,Marketplace,Fernanda Souza,1,1899.90,0.20,1370.00,Concluído,PIX,3
V000389,2025-10-24,C0057,Bruno Souza,bruno.souza57@email.com,Rio de Janeiro,RJ,Sudeste,P015,Aspirador Vertical,Eletroportáteis,WhatsApp,Fernanda Souza,2,749.90,0.05,420.00,Concluído,Cartão de Crédito,4
V000390,2025-06-05,C0026,Karen Rodrigues,karen.rodrigues26@email.com,Manaus,AM,Norte,P018,Estante Modular,Móveis,Loja Física,Carla Mendes,5,649.90,0.00,380.00,Concluído,cartão débito,3
V000391,2025-01-09,C0120,Henrique Souza,henrique.souza23@email.com,Manaus,AM,Norte,P003,Monitor 27 IPS,Informática,E-commerce,Ana Lima,1,1299.90,0.00,890.00,Concluído,Cartão de Débito,4
V000392,2026-01-16,C0238,Talita Lima,talita.lima44@email.com,Florianópolis,SC,Sul,P002,Notebook Air 14,Informática,Marketplace,Bruno Rocha,3,3299.90,0.00,2480.00,Concluído,cartao de credito,4
V000393,2025-03-15,C0279,Olívia Nascimento,olivia.nascimento85@email.com,Curitiba,PR,Sul,P016,Cadeira Office,Móveis,E-commerce,Diego Alves,4,1099.90,0.00,690.00,Em transporte,cartão débito,
V000394,2025-01-13,C0063,Daniel Gomes,daniel.gomes63@email.com,Duque de Caxias,RJ,Sudeste,P008,Smartphone Lite,Telefonia,WhatsApp,Igor Martins,1,1599.90,0.00,1160.00,Concluído,Cartão de Crédito,5
V000395,2026-06-18,C0341,Daniel Souza,daniel.souza50@email.com,Niterói,RJ,Sudeste,P007,Smartphone X,Telefonia,WhatsApp,Helena Prado,2,2799.90,0.00,2050.00,Concluído,Cartão de Crédito,3
V000396,2026-07-17,C0267,Samuel Almeida,samuel.almeida73@email.com,Brasília,DF,Centro-Oeste,P004,Mouse Sem Fio,Periféricos,Marketplace,Igor Martins,2,129.90,0.00,62.00,Concluído,PIX,1
V000397,2025-04-26,C0121,Gabriela Rodrigues,gabriela.rodrigues24@email.com,Brasília,DF,Centro-Oeste,P014,Air Fryer 5L,Eletroportáteis,Marketplace,Ana Lima,1,599.90,0.00,330.00,Cancelado,Cartão de Crédito,
V000398,2026-02-10,C0405,Henrique Rodrigues,henrique.rodrigues17@email.com,São José dos Campos,SP,Sudeste,P008,Smartphone Lite,Telefonia,Loja Física,Ana Lima,2,1599.90,0.15,1160.00,Concluído,PIX,
V000399,2026-01-16,C0395,Gabriela Rodrigues,gabriela.rodrigues7@email.com,Juazeiro do Norte,CE,Nordeste,P003,Monitor 27 IPS,Informática,E-commerce,Carla Mendes,1,1299.90,0.15,890.00,Cancelado,Boleto,
V000400,2025-03-03,C0031,Talita Rodrigues,talita.rodrigues31@email.com,Santarém,PA,Norte,P012,Soundbar 2.1,Eletrônicos,E-commerce,Equipe Digital,3,899.90,0.00,530.00,Concluído,Boleto,4
V000401,2026-07-26,C0404,Talita Almeida,talita.almeida16@email.com,BRASÍLIA,DF,Centro-Oeste,P012,Soundbar 2.1,Eletrônicos,WhatsApp,Diego Alves,1,899.90,0.05,530.00,Concluído,Boleto,3
V000402,2025-02-10,C0249,Eduarda Santos,eduarda.santos55@email.com,Florianópolis,SC,Sul,P015,Aspirador Vertical,Eletroportáteis,Marketplace,Igor Martins,1,749.90,0.00,420.00,Cancelado,Boleto,
V000403,2025-11-28,C0375,Olívia Rodrigues,olivia.rodrigues84@email.com,Caxias do Sul,RS,Sul,P015,Aspirador Vertical,Eletroportáteis,Marketplace,Carla Mendes,1,749.90,0.00,420.00,Concluído,Boleto,4
V000404,2026-07-09,C0188,Felipe Pereira,felipe.pereira91@email.com,Rio de Janeiro,RJ,Sudeste,P015,Aspirador Vertical,Eletroportáteis,Loja Física,Helena Prado,2,749.90,0.00,420.00,Cancelado,Boleto,
V000405,2025-09-02,C0165,Olívia Rodrigues,olivia.rodrigues68@email.com,Fortaleza,CE,Nordeste,P003,Monitor 27 IPS,Informática,WhatsApp,Diego Alves,1,1299.90,0.05,890.00,Em transporte,PIX,
V000406,2025-10-17,C0166,Nicolas Rodrigues,nicolas.rodrigues69@email.com,Maringá,PR,Sul,P014,Air Fryer 5L,Eletroportáteis,Marketplace,Bruno Rocha,1,599.90,0.15,330.00,Concluído,PIX,1
V000407,2025-07-02,C0448,Isabela Ribeiro,isabela.ribeiro60@email.com,Blumenau,SC,Sul,P002,Notebook Air 14,Informática,E-commerce,Bruno Rocha,1,3299.90,0.00,2480.00,Concluído,Cartão de Débito,
V000408,17/05/2026,C0270,Bruno Souza,bruno.souza76@email.com,Manaus,AM,Norte,P009,Tablet 10,Telefonia,Loja Física,Gustavo Nunes,1,1899.90,0.15,1370.00,Concluído,PIX,
V000409,2026-05-19,C0427,Paulo Almeida,paulo.almeida39@email.com,Contagem,MG,Sudeste,P003,Monitor 27 IPS,Informática,WhatsApp,Ana Lima,1,1299.90,0.15,890.00,Concluído,Cartão de Crédito,4
V000410,2025-09-30,C0271,Eduarda Pereira,eduarda.pereira77@email.com,Juazeiro do Norte,CE,Nordeste,P002,Notebook Air 14,Informática,Loja Física,Fernanda Souza,1,3299.90,0.00,2480.00,Cancelado,Cartão de Crédito,
V000411,2025-04-14,C0372,Renata Lima,renata.lima81@email.com,Olinda,PE,Nordeste,P008,Smartphone Lite,Telefonia,WhatsApp,Diego Alves,1,1599.90,0.15,1160.00,Concluído,PIX,
V000412,2026-07-26,C0384,Vinícius Pereira,vinicius.pereira93@email.com,Joinville,SC,Sul,P018,Estante Modular,Móveis,WhatsApp,Bruno Rocha,2,649.90,0.10,380.00,Concluído,Cartão de Débito,5
V000413,2025-04-17,C0086,Vinícius Silva,vinicius.silva86@email.com,Aparecida de Goiânia,GO,Centro-Oeste,P006,Headset Gamer,Periféricos,WhatsApp,Gustavo Nunes,2,289.90,0.10,158.00,Cancelado,Cartão de Débito,
V000414,2025-12-27,C0162,Eduarda Souza,eduarda.souza65@email.com,Contagem,MG,Sudeste,P018,Estante Modular,Móveis,Marketplace,Gustavo Nunes,1,649.90,0.15,380.00,Concluído,PIX,4
V000415,2026-07-31,C0280,Gabriela Lima,gabriela.lima86@email.com,Vitória da Conquista,BA,Nordeste,P007,Smartphone X,Telefonia,WhatsApp,Fernanda Souza,1,2799.90,0.05,2050.00,Concluído,Cartão de Crédito,5
V000416,2025-02-05,C0146,Ana Silva,ana.silva49@email.com,Uberlândia,MG,Sudeste,P001,Notebook Pro 15,Informática,E-commerce,Fernanda Souza,1,4599.90,0.00,3480.00,Concluído,Cartão de Crédito,4
V000417,2025-10-10,C0284,Talita Gomes,talita.gomes90@email.com,Anápolis,GO,Centro-Oeste,P017,Mesa Escritório,Móveis,E-commerce,Bruno Rocha,1,899.90,0.00,540.00,Concluído,Boleto,3
V000418,2026-01-11,C0299,Camila Souza,camila.souza8@email.com,Aparecida de Goiânia,GO,Centro-Oeste,P008,Smartphone Lite,Telefonia,E-commerce,Fernanda Souza,3,1599.90,0.00,1160.00,Cancelado,Cartão de Débito,
V000419,2025-08-11,C0376,Daniel Costa,daniel.costa85@email.com,Ananindeua,PA,Norte,P003,Monitor 27 IPS,Informática,Marketplace,Igor Martins,1,1299.90,0.20,890.00,Devolvido,Cartão de Crédito,
V000420,2025-11-04,C0020,Gabriela Gomes,gabriela.gomes20@email.com,Caxias do Sul,RS,Sul,P013,Cafeteira Premium,Eletroportáteis,Loja Física,Ana Lima,4,449.90,0.00,250.00,Concluído,Cartão de Débito,5
V000421,2025-05-04,C0446,Karen Santos,karen.santos58@email.com,Manaus,AM,Norte,P008,Smartphone Lite,Telefonia,Loja Física,Helena Prado,1,"R$ 1.599,90",0.10,"R$ 1.160,00",Concluído,PIX,4
V000422,2025-12-01,C0258,Felipe Almeida,felipe.almeida64@email.com,Manaus,AM,Norte,P008,Smartphone Lite,Telefonia,E-commerce,Ana Lima,2,1599.90,0.05,1160.00,Concluído,Cartão de Crédito,
V000423,2025-08-16,C0222,Renata Lima,renata.lima28@email.com,Anápolis,GO,Centro-Oeste,P010,Smart TV 55,Eletrônicos,WhatsApp,Carla Mendes,1,2899.90,0.00,2070.00,Concluído,Cartão de Crédito,
V000424,2026-07-16,C0205,Karen Oliveira,karen.oliveira11@email.com,Olinda,PE,Nordeste,P009,Tablet 10,Telefonia,Loja Física,Helena Prado,1,1899.90,0.20,1370.00,Devolvido,PIX,
V000425,2025-05-19,C0247,Gabriela Rodrigues,gabriela.rodrigues53@email.com,Brasília,DF,Centro-Oeste,P018,Estante Modular,Móveis,E-commerce,Igor Martins,1,649.90,0.10,"R$ 380,00",Concluído,PIX,5
V000426,2025-09-06,C0037,Isabela Nascimento,isabela.nascimento37@email.com,Fortaleza,CE,Nordeste,P009,Tablet 10,Telefonia,WhatsApp,Gustavo Nunes,2,1899.90,0.10,1370.00,Concluído,Cartão de Débito,2
V000427,2026-03-10,C0188,Felipe Pereira,,Rio de Janeiro,RJ,Sudeste,P012,Soundbar 2.1,Eletrônicos,E-commerce,Gustavo Nunes,1,899.90,0.15,530.00,Concluído,PIX,4
V000428,2025-12-25,C0316,Lucas Lima,lucas.lima25@email.com,Anápolis,GO,Centro-Oeste,P015,Aspirador Vertical,Eletroportáteis,E-commerce,Igor Martins,1,749.90,0.20,420.00,Concluído,Boleto,4
V000429,2025-06-09,C0388,Isabela Lima,isabela.lima0@email.com,Manaus,AM,Norte,P003,Monitor 27 IPS,Informática,Loja Física,Ana Lima,1,1299.90,0.10,890.00,Concluído,Cartão de Crédito,4
V000430,2025-12-18,C0356,Isabela Oliveira,isabela.oliveira65@email.com,Campinas,SP,Sudeste,P004,Mouse Sem Fio,Periféricos,Marketplace,Igor Martins,1,129.90,0.00,62.00,Concluído,PIX,5
V000431,2025-07-28,C0280,Gabriela Lima,gabriela.lima86@email.com,Vitória da Conquista,BA,Nordeste,P017,Mesa Escritório,Móveis,Marketplace,Igor Martins,2,899.90,0.00,540.00,Devolvido,Cartão de Crédito,
V000432,2026-01-21,C0299,Camila Souza,camila.souza8@email.com,Aparecida de Goiânia,GO,Centro-Oeste,P017,Mesa Escritório,Móveis,Loja Física,Fernanda Souza,1,899.90,0.00,540.00,Concluído,Boleto,
V000433,2025-02-24,C0239,Daniel Souza,daniel.souza45@email.com,Aparecida de Goiânia,GO,Centro-Oeste,P001,Notebook Pro 15,Informática,Loja Física,Helena Prado,2,4599.90,0.15,3480.00,Em transporte,Boleto,
V000434,2025-04-21,C0010,Isabela Oliveira,isabela.oliveira10@email.com,Porto Alegre,RS,Sul,P010,Smart TV 55,Eletrônicos,WhatsApp,Diego Alves,5,2899.90,0.10,2070.00,Devolvido,Cartão de Crédito,
V000435,2025-11-20,C0249,Eduarda Santos,eduarda.santos55@email.com,Florianópolis,SC,Sul,P018,Estante Modular,Móveis,Loja Física,Carla Mendes,1,649.90,0.05,380.00,Cancelado,Cartão de Crédito,
V000436,2025-02-10,C0127,Karen Rodrigues,karen.rodrigues30@email.com,Manaus,AM,Norte,P017,Mesa Escritório,Móveis,Marketplace,Gustavo Nunes,1,899.90,0.15,540.00,Concluído,Boleto,1
V000437,2025-12-27,C0182,Bruno Silva,bruno.silva85@email.com,Manaus,AM,Norte,P010,Smart TV 55,Eletrônicos,E-commerce,Equipe Digital,1,2899.90,0.00,2070.00,Devolvido,Boleto,
V000438,2026-02-01,C0418,Nicolas Santos,nicolas.santos30@email.com,Niterói,RJ,Sudeste,P001,Notebook Pro 15,Informática,loja física,Diego Alves,1,"R$ 4.599,90",0.05,3480.00,Devolvido,PIX,
V000439,2025-03-31,C0374,Olívia Souza,olivia.souza83@email.com,Feira de Santana,BA,Nordeste,P013,Cafeteira Premium,Eletroportáteis,e-commerce,Helena Prado,1,449.90,0.00,250.00,Concluído,Boleto,4
V000440,2026-04-05,C0278,Nicolas Almeida,nicolas.almeida84@email.com,Joinville,SC,Sul,P005,Teclado Mecânico,Periféricos,E-commerce,Carla Mendes,2,349.90,0.15,195.00,Em transporte,PIX,
V000441,2025-05-22,C0159,Henrique Pereira,henrique.pereira62@email.com,Brasília,DF,Centro-Oeste,P017,Mesa Escritório,Móveis,E-commerce,Helena Prado,6,899.90,0.20,540.00,Concluído,PIX,
V000442,2025-11-22,C0035,Nicolas Lima,nicolas.lima35@email.com,Manaus,AM,Norte,P018,Estante Modular,Móveis,Loja Física,Carla Mendes,1,649.90,0.00,380.00,Devolvido,Cartão de Crédito,
V000443,2025-11-23,C0212,João Souza,joao.souza18@email.com,Duque de Caxias,RJ,Sudeste,P014,Air Fryer 5L,Eletroportáteis,Marketplace,Igor Martins,2,599.90,0.20,330.00,Devolvido,Boleto,
V000444,2025-06-05,C0399,Vinícius Silva,vinicius.silva11@email.com,Manaus,AM,Norte,P007,Smartphone X,Telefonia,Loja Física,,1,2799.90,0.20,2050.00,Cancelado,Boleto,
V000445,2025-08-25,C0306,Felipe Oliveira,felipe.oliveira15@email.com,Goiânia,GO,Centro-Oeste,P008,Smartphone Lite,Telefonia,E-commerce,Ana Lima,1,1599.90,0.15,1160.00,Em transporte,Cartão de Débito,
V000446,2025-05-18,C0258,Felipe Almeida,felipe.almeida64@email.com,Manaus,AM,Norte,P016,Cadeira Office,Móveis,Marketplace,Carla Mendes,3,1099.90,0.05,690.00,Concluído,PIX,3
V000447,2025-07-17,C0116,Karen Rodrigues,karen.rodrigues19@email.com,Uberlândia,MG,Sudeste,P002,Notebook Air 14,Informática,WhatsApp,Ana Lima,4,3299.90,0.05,"R$ 2.480,00",Concluído,PIX,4
V000448,2025-03-09,C0091,Camila Silva,camila.silva91@email.com,Manaus,AM,Norte,P015,Aspirador Vertical,Eletroportáteis,WhatsApp,Gustavo Nunes,3,749.90,0.00,420.00,Concluído,Cartão de Crédito,5
V000449,2026-01-25,C0369,Vinícius Oliveira,vinicius.oliveira78@email.com,Porto Alegre,RS,Sul,P011,Smart TV 43,Eletrônicos,WhatsApp,Ana Lima,1,1999.90,0.05,1420.00,Concluído,PIX,10
V000450,2026-06-16,C0276,Daniel Gomes,daniel.gomes82@email.com,Recife,PE,Nordeste,P013,Cafeteira Premium,Eletroportáteis,Loja Física,Helena Prado,1,449.90,0.15,250.00,Concluído,Boleto,4
V000451,2026-03-27,C0204,Mariana Costa,mariana.costa10@email.com,Brasília,DF,Centro-Oeste,P010,Smart TV 55,Eletrônicos,Marketplace,Igor Martins,1,2899.90,0.00,2070.00,Cancelado,Cartão de Crédito,
V000452,2026-06-14,C0073,Henrique Oliveira,henrique.oliveira73@email.com,Manaus,AM,Norte,P015,Aspirador Vertical,Eletroportáteis,WhatsApp,Bruno Rocha,2,"R$ 749,90",0.00,420.00,Concluído,PIX,
V000453,2026-02-07,C0212,João Souza,joao.souza18@email.com,Duque de Caxias,RJ,Sudeste,P011,Smart TV 43,Eletrônicos,WhatsApp,Ana Lima,1,"R$ 1.999,90",0.10,1420.00,Devolvido,PIX,
V000454,2026-04-11,C0047,Henrique Lima,henrique.lima47@email.com,São Paulo,SP,Sudeste,P009,Tablet 10,Telefonia,Marketplace,Carla Mendes,2,1899.90,0.00,1370.00,Concluído,Cartão de Débito,2
V000455,2026-01-07,C0044,Lucas Oliveira,lucas.oliveira44@email.com,Belo Horizonte,MG,Sudeste,P017,Mesa Escritório,Móveis,WhatsApp,Carla Mendes,1,899.90,0.05,540.00,Concluído,Boleto,3
V000456,2025-06-03,C0084,Camila Gomes,camila.gomes84@email.com,Goiânia,GO,Centro-Oeste,P005,Teclado Mecânico,Periféricos,E-commerce,Ana Lima,1,349.90,0.00,195.00,Devolvido,Cartão de Débito,
V000457,2025-10-23,C0321,Gabriela Lima,gabriela.lima30@email.com,Londrina,PR,Sul,P006,Headset Gamer,Periféricos,Loja Física,Carla Mendes,5,289.90,0.00,158.00,Cancelado,Boleto,
V000458,2025-01-13,C0235,Vinícius Lima,vinicius.lima41@email.com,Goiânia,GO,Centro-Oeste,P016,Cadeira Office,moveis,WhatsApp,Ana Lima,2,1099.90,0.05,690.00,Concluído,Cartão de Débito,4
V000459,2026-04-10,C0210,Samuel Souza,samuel.souza16@email.com,Caruaru,PE,Nordeste,P015,Aspirador Vertical,Eletroportáteis,Loja Física,Ana Lima,1,749.90,0.10,420.00,Concluído,PIX,
V000460,2025-02-20,C0095,João Oliveira,joao.oliveira95@email.com,Caxias do Sul,RS,Sul,P005,Teclado Mecânico,Periféricos,Loja Física,Gustavo Nunes,1,349.90,0.20,195.00,Concluído,Boleto,
V000461,2025-12-06,C0045,Karen Almeida,karen.almeida45@email.com,Goiânia,GO,Centro-Oeste,P002,Notebook Air 14,Informática,Loja Física,Helena Prado,6,3299.90,0.00,2480.00,Devolvido,Boleto,
V000462,2026-07-30,C0091,Camila Silva,camila.silva91@email.com,Manaus,AM,Norte,P015,Aspirador Vertical,Eletroportáteis,Marketplace,Ana Lima,1,749.90,0.00,420.00,Concluído,Cartão de Débito,4
V000463,2025-03-11,C0389,Nicolas Nascimento,nicolas.nascimento1@email.com,Manaus,AM,Norte,P014,Air Fryer 5L,Eletroportáteis,Loja Física,Fernanda Souza,1,599.90,0.00,330.00,Devolvido,Boleto,
V000464,2025-12-04,C0270,Bruno Souza,bruno.souza76@email.com,Manaus,AM,Norte,P014,Air Fryer 5L,Eletroportáteis,E-commerce,Diego Alves,2,599.90,0.00,330.00,Cancelado,Cartão de Crédito,
V000465,2026-05-11,C0371,Vinícius Nascimento,vinicius.nascimento80@email.com,Feira de Santana,BA,Nordeste,P010,Smart TV 55,Eletrônicos,WhatsApp,Gustavo Nunes,1,2899.90,0.10,2070.00,Cancelado,Boleto,
V000466,2025-05-13,C0315,Daniel Souza,daniel.souza24@email.com,Olinda,PE,Nordeste,P016,Cadeira Office,Móveis,WhatsApp,Igor Martins,3,1099.90,0.10,690.00,Concluído,PIX,4
V000467,2025-01-02,C0061,Talita Almeida,talita.almeida61@email.com,Goiânia,GO,Centro-Oeste,P001,Notebook Pro 15,Informática,WhatsApp,Bruno Rocha,2,4599.90,0.00,3480.00,Em transporte,Cartão de Débito,
V000468,2026-02-28,C0024,Samuel Souza,samuel.souza24@email.com,Brasília,DF,Centro-Oeste,P011,Smart TV 43,Eletrônicos,Marketplace,Diego Alves,1,1999.90,0.00,1420.00,Devolvido,Boleto,
V000469,2025-09-18,C0405,HENRIQUE RODRIGUES,henrique.rodrigues17@email.com,São José dos Campos,SP,Sudeste,P003,Monitor 27 IPS,Informática,Marketplace,Fernanda Souza,1,1299.90,0.00,890.00,Em transporte,Cartão de Crédito,
V000470,2025-04-27,C0352,KAREN SOUZA,karen.souza61@email.com,Campinas,SP,Sudeste,P011,Smart TV 43,Eletrônicos,Marketplace,Helena Prado,2,1999.90,0.10,1420.00,Concluído,PIX,3
V000471,2025-12-05,C0427,Paulo Almeida,paulo.almeida39@email.com,Contagem,MG,Sudeste,P011,Smart TV 43,Eletrônicos,WhatsApp,Igor Martins,3,1999.90,0.15,1420.00,Concluído,PIX,5
V000472,2026-04-17,C0443,Vinícius Oliveira,vinicius.oliveira55@email.com,Juazeiro do Norte,CE,Nordeste,P018,Estante Modular,Móveis,Marketplace,Igor Martins,2,649.90,0.05,380.00,Devolvido,Cartão de Crédito,
V000473,2026-06-18,C0154,Olívia Gomes,olivia.gomes57@email.com,Juiz de Fora,MG,Sudeste,P011,Smart TV 43,Eletrônicos,Loja Física,Diego Alves,2,1999.90,5%,1420.00,Em transporte,Boleto,
V000474,2025-03-09,C0077,Samuel Gomes,samuel.gomes77@email.com,Vitória da Conquista,BA,Nordeste,P009,Tablet 10,Telefonia,Loja Física,Gustavo Nunes,6,1899.90,0.15,1370.00,Cancelado,PIX,
V000475,2026-02-03,C0096,João Lima,joao.lima96@email.com,SOBRAL,CE,Nordeste,P004,Mouse Sem Fio,Periféricos,Marketplace,Gustavo Nunes,2,129.90,0.00,62.00,Concluído,Cartão de Débito,2
V000476,2025-09-01,C0191,Talita Ribeiro,talita.ribeiro94@email.com,Niterói,RJ,Sudeste,P015,Aspirador Vertical,Eletroportáteis,Marketplace,Diego Alves,1,"R$ 749,90",0.00,420.00,Concluído,Cartão de Crédito,4
V000477,2025-07-26,C0048,Paulo Santos,paulo.santos48@email.com,Niterói,RJ,Sudeste,P015,Aspirador Vertical,Eletroportáteis,Loja Física,Igor Martins,4,749.90,0.00,420.00,Concluído,Cartão de Débito,4
V000478,2026-06-21,C0159,Henrique Pereira,henrique.pereira62@email.com,Brasília,DF,Centro-Oeste,P011,Smart TV 43,Eletrônicos,E-commerce,Bruno Rocha,3,1999.90,0.10,1420.00,Devolvido,PIX,
V000479,2025-07-30,C0371,Vinícius Nascimento,vinicius.nascimento80@email.com,Feira de Santana,BA,Nordeste,P002,Notebook Air 14,Informática,WhatsApp,Helena Prado,2,3299.90,0.10,2480.00,Concluído,Boleto,1
V000480,2025-02-15,C0352,Karen Souza,karen.souza61@email.com,Campinas,SP,Sudeste,P003,Monitor 27 IPS,Informática,Marketplace,Igor Martins,3,1299.90,0.00,890.00,Cancelado,Boleto,
V000481,2025-01-24,C0296,Mariana Gomes,mariana.gomes5@email.com,Goiânia,GO,Centro-Oeste,P010,Smart TV 55,Eletrônicos,E-commerce,Gustavo Nunes,1,2899.90,0.00,2070.00,Concluído,Boleto,5
V000482,2026-03-28,C0344,Eduarda Rodrigues,eduarda.rodrigues53@email.com,Santarém,PA,Norte,P004,Mouse Sem Fio,Periféricos,Marketplace,Carla Mendes,1,129.90,0.00,62.00,Concluído,Cartão de Crédito,
V000483,2025-07-31,C0278,Nicolas Almeida,nicolas.almeida84@email.com,Joinville,SC,Sul,P012,Soundbar 2.1,Eletrônicos,Marketplace,Fernanda Souza,1,899.90,0.15,530.00,Em transporte,Boleto,
V000484,2025-09-08,C0088,Gabriela Gomes,gabriela.gomes88@email.com,BLUMENAU,SC,Sul,P003,Monitor 27 IPS,Informática,Marketplace,Gustavo Nunes,1,1299.90,0.00,890.00,Concluído,Cartão de Débito,1
V000485,2025-02-21,C0055,Ana Lima,ana.lima55@email.com,Pelotas,RS,Sul,P013,Cafeteira Premium,Eletroportáteis,Loja Física,Bruno Rocha,1,449.90,0.00,250.00,Devolvido,Cartão de Débito,
V000486,2025-12-31,C0160,João Souza,joao.souza63@email.com,Petrópolis,RJ,Sudeste,P011,Smart TV 43,Eletrônicos,E-commerce,Equipe Digital,1,1999.90,0.20,1420.00,Em transporte,Cartão de Débito,
V000487,2025-05-15,C0048,Paulo Santos,paulo.santos48@email.com,Niterói,RJ,Sudeste,P015,Aspirador Vertical,Eletroportáteis,Loja Física,Igor Martins,1,749.90,0.15,420.00,Devolvido,Cartão de Débito,
V000488,2026-04-27,C0119,Olívia Costa,olivia.costa22@email.com,Londrina,PR,Sul,P008,Smartphone Lite,Telefonia,E-commerce,Fernanda Souza,4,1599.90,0.05,1160.00,Concluído,Boleto,4
V000489,2026-04-10,C0250,João Lima,joao.lima56@email.com,Juiz de Fora,MG,Sudeste,P001,Notebook Pro 15,Informática,Loja Física,Igor Martins,1,4599.90,0.05,3480.00,Concluído,Boleto,3
V000490,2025-12-23,C0310,Ana Almeida,ana.almeida19@email.com,Brasília,DF,Centro-Oeste,P005,Teclado Mecânico,Periféricos,Loja Física,Helena Prado,3,"R$ 349,90",0.20,195.00,Concluído,Cartão de Crédito,4
V000491,2025-11-06,C0273,Vinícius Souza,vinicius.souza79@email.com,Brasília,DF,Centro-Oeste,P015,Aspirador Vertical,Eletroportáteis,WhatsApp,Helena Prado,1,749.90,0.00,420.00,Cancelado,cartão débito,
V000492,2026-05-09,C0197,Lucas Gomes,lucas.gomes3@email.com,Feira de Santana,BA,Nordeste,P003,Monitor 27 IPS,Informática,Marketplace,Diego Alves,3,1299.90,0.10,890.00,Concluído,Boleto,5
V000493,2026-07-12,C0356,Isabela Oliveira,isabela.oliveira65@email.com,Campinas,SP,Sudeste,P008,Smartphone Lite,Telefonia,E-commerce,Bruno Rocha,2,1599.90,0.15,1160.00,Cancelado,Cartão de Débito,
V000494,2025-04-28,C0304,Lucas Costa,lucas.costa13@email.com,Joinville,SC,Sul,P015,Aspirador Vertical,Eletroportáteis,Marketplace,Bruno Rocha,3,749.90,0.00,420.00,Concluído,Cartão de Crédito,5
V000495,2025-04-22,C0351,Gabriela Gomes,gabriela.gomes60@email.com,Rio de Janeiro,RJ,Sudeste,P013,Cafeteira Premium,,Marketplace,Igor Martins,2,449.90,0.00,250.00,Concluído,PIX,4
V000496,2025-01-01,C0388,Isabela Lima,isabela.lima0@email.com,Manaus,AM,Norte,P005,Teclado Mecânico,Periféricos,E-commerce,Igor Martins,1,"R$ 349,90",0.05,195.00,Cancelado,Cartão de Débito,
V000497,2025-07-20,C0106,Olívia Nascimento,olivia.nascimento9@email.com,Contagem,MG,Sudeste,P011,Smart TV 43,Eletrônicos,Marketplace,Fernanda Souza,4,1999.90,0.05,1420.00,Devolvido,Boleto,
V000498,2025-04-02,C0299,Camila Souza,camila.souza8@email.com,Aparecida de Goiânia,GO,Centro-Oeste,P001,Notebook Pro 15,Informática,WhatsApp,Carla Mendes,3,4599.90,0.00,3480.00,Concluído,Cartão de Crédito,5
V000499,2025-01-01,C0361,Nicolas Nascimento,nicolas.nascimento70@email.com,Belo Horizonte,MG,Sudeste,P018,Estante Modular,Móveis,Marketplace,Bruno Rocha,3,649.90,0.20,380.00,Concluído,Cartão de Débito,4
V000500,2026-02-08,C0321,Gabriela Lima,gabriela.lima30@email.com,Londrina,PR,Sul,P011,Smart TV 43,Eletrônicos,WhatsApp,Helena Prado,1,1999.90,0.10,1420.00,Concluído,Cartão de Débito,3
V000501,2025-05-23,C0097,Ana Gomes,ana.gomes0@email.com,Sobral,CE,Nordeste,P018,Estante Modular,Móveis,WhatsApp,Gustavo Nunes,3,649.90,0.00,380.00,Concluído,PIX,3
V000502,2025-01-12,C0037,Isabela Nascimento,isabela.nascimento37@email.com,Fortaleza,CE,Nordeste,P001,Notebook Pro 15,Informática,E-commerce,Igor Martins,2,4599.90,0.00,3480.00,Concluído,Cartão de Débito,3
V000503,2026-04-12,C0404,Talita Almeida,talita.almeida16@email.com,Brasília,DF,Centro-Oeste,P014,Air Fryer 5L,,E-commerce,Igor Martins,1,599.90,0.10,330.00,Em transporte,Cartão de Débito,
V000504,2026-01-29,C0182,Bruno Silva,bruno.silva85@email.com,Manaus,AM,Norte,P008,Smartphone Lite,Telefonia,E-commerce,Helena Prado,2,1599.90,0.10,1160.00,Concluído,Boleto,4
V000505,2026-02-25,C0280,Gabriela Lima,gabriela.lima86@email.com,Vitória da Conquista,BA,Nordeste,P012,Soundbar 2.1,Eletrônicos,Loja Física,Ana Lima,2,"R$ 899,90",0.15,530.00,Concluído,Cartão de Débito,2
V000506,2025-03-23,C0073,Henrique Oliveira,henrique.oliveira73@email.com,Manaus,AM,Norte,P017,Mesa Escritório,Móveis,market place,Igor Martins,1,899.90,0.10,540.00,Cancelado,Cartão de Crédito,
V000507,2025-09-09,C0242,Ana Rodrigues,ana.rodrigues48@email.com,Contagem,MG,Sudeste,P003,Monitor 27 IPS,Informática,Marketplace,Ana Lima,4,1299.90,0.10,890.00,Em transporte,Cartão de Crédito,
V000508,2026-04-26,C0233,Eduarda Lima,eduarda.lima39@email.com,Juiz de Fora,MG,Sudeste,P017,Mesa Escritório,Móveis,WhatsApp,Gustavo Nunes,1,899.90,0.20,540.00,Concluído,PIX,4
V000509,2025-02-06,C0356,Isabela Oliveira,isabela.oliveira65@email.com,Campinas,SP,Sudeste,P010,Smart TV 55,Móveis,Marketplace,Ana Lima,2,2899.90,0.10,2070.00,Concluído,Cartão de Crédito,
V000510,2025-10-26,C0415,Nicolas Pereira,nicolas.pereira27@email.com,Salvador,BA,Nordeste,P001,Notebook Pro 15,Informática,Marketplace,Igor Martins,1,4599.90,5%,3480.00,Concluído,Boleto,4
V000511,2025-05-16,C0316,Lucas Lima,lucas.lima25@email.com,Anápolis,GO,Centro-Oeste,P009,Tablet 10,TELEFONIA,Marketplace,Fernanda Souza,1,1899.90,0.00,1370.00,Cancelado,PIX,
V000512,2025-06-04,C0338,Olívia Ribeiro,olivia.ribeiro47@email.com,Petrópolis,RJ,Sudeste,P015,Aspirador Vertical,Eletroportáteis,Marketplace,Carla Mendes,1,749.90,0.15,420.00,Concluído,PIX,5
V000513,2026-06-25,C0442,OLÍVIA ALMEIDA,olivia.almeida54@email.com,Santarém,PA,Norte,P002,Notebook Air 14,Informática,Marketplace,Bruno Rocha,5,3299.90,0.10,2480.00,Em transporte,PIX,
V000514,2026-05-23,C0386,Paulo Souza,paulo.souza95@email.com,Belo Horizonte,MG,Sudeste,P014,Air Fryer 5L,Eletroportáteis,WhatsApp,Diego Alves,2,599.90,0.15,330.00,Devolvido,PIX,
V000515,2025-08-04,C0296,Mariana Gomes,mariana.gomes5@email.com,Goiânia,GO,Centro-Oeste,P012,Soundbar 2.1,Eletrônicos,Loja Física,Fernanda Souza,2,899.90,0.00,530.00,Concluído,Cartão de Débito,3
V000516,2026-02-13,C0244,Henrique Pereira,henrique.pereira50@email.com,Santos,SP,Sudeste,P010,Smart TV 55,Eletrônicos,WhatsApp,Diego Alves,1,2899.90,0.15,2070.00,Concluído,Boleto,5
V000517,2025-05-29,C0272,Paulo Santos,paulo.santos78@email.com,Belém,PA,Norte,P014,Air Fryer 5L,,Loja Física,Fernanda Souza,4,599.90,0.05,330.00,Concluído,Cartão de Crédito,4
V000518,10/04/2025,C0273,Vinícius Souza,vinicius.souza79@email.com,Brasília,DF,Centro-Oeste,P012,Soundbar 2.1,Eletrônicos,WhatsApp,Fernanda Souza,1,899.90,0.00,530.00,Em transporte,Cartão de Crédito,
V000519,2025-09-19,C0336,Ana Lima,ana.lima45@email.com,Caruaru,PE,,P013,Cafeteira Premium,Eletroportáteis,WhatsApp,Diego Alves,2,449.90,0.10,250.00,Em transporte,PIX,
V000520,2026-06-17,C0173,Eduarda Lima,eduarda.lima76@email.com,Caruaru,PE,Nordeste,P006,Headset Gamer,Periféricos,Marketplace,Ana Lima,2,289.90,0.20,158.00,Concluído,Cartão de Débito,1
V000521,2025-04-11,C0269,Paulo Gomes,paulo.gomes75@email.com,Anápolis,GO,Centro-Oeste,P004,Mouse Sem Fio,Periféricos,WhatsApp,Gustavo Nunes,1,129.90,0.00,62.00,Concluído,Cartão de Crédito,4
V000522,25-01-2025,C0318,Isabela Silva,isabela.silva27@email.com,Vitória da Conquista,BA,Nordeste,P003,Monitor 27 IPS,Informática,Loja Física,Diego Alves,5,1299.90,0.15,890.00,Concluído,Cartão de Crédito,2
V000523,2025-05-14,C0193,TALITA SILVA,talita.silva96@email.com,Manaus,AM,Norte,P006,Headset Gamer,Periféricos,Loja Física,Carla Mendes,60,289.90,0.05,158.00,Devolvido,Cartão de Crédito,
V000524,2026-04-10,C0142,Felipe Gomes,,Manaus,AM,Norte,P014,Air Fryer 5L,Eletroportáteis,Marketplace,Fernanda Souza,1,599.90,0.00,330.00,Concluído,Cartão de Débito,1
V000525,2026-02-02,C0171,Ana Rodrigues,ana.rodrigues74@email.com,Olinda,PE,Nordeste,P002,Notebook Air 14,Informática,Marketplace,Fernanda Souza,1,3299.90,0.00,2480.00,Concluído,Cartão de Débito,4
V000526,2025-07-02,C0331,Samuel Costa,samuel.costa40@email.com,Manaus,AM,Norte,P016,Cadeira Office,Móveis,Loja Física,Carla Mendes,1,1099.90,0.05,690.00,Concluído,Cartão de Crédito,
V000527,2026-03-29,C0367,Nicolas Gomes,nicolas.gomes76@email.com,Salvador,BA,Nordeste,P009,Tablet 10,Telefonia,Loja Física,Ana Lima,1,1899.90,0.10,1370.00,Devolvido,Boleto,
V000528,2026-04-02,C0010,Isabela Oliveira,isabela.oliveira10@email.com,Porto Alegre,RS,Sul,P016,Cadeira Office,Móveis,E-commerce,Ana Lima,4,1099.90,0.15,690.00,Concluído,PIX,4
V000529,2025-12-04,C0201,Talita Pereira,talita.pereira7@email.com,Feira de Santana,BA,Nordeste,P001,Notebook Pro 15,Informática,WhatsApp,Igor Martins,1,4599.90,0.20,3480.00,Devolvido,Cartão de Crédito,
V000530,2026-07-08,C0116,Karen Rodrigues,karen.rodrigues19@email.com,Uberlândia,MG,Sudeste,P001,Notebook Pro 15,Informática,WhatsApp,Igor Martins,1,4599.90,0.10,3480.00,Concluído,Boleto,4
V000531,2026-02-15,C0029,Eduarda Pereira,eduarda.pereira29@email.com,Recife,PE,Nordeste,P003,Monitor 27 IPS,Informática,Marketplace,Gustavo Nunes,1,1299.90,0.05,890.00,Em transporte,Boleto,
V000532,2025-07-27,C0091,Camila Silva,camila.silva91@email.com,Manaus,AM,Norte,P018,Estante Modular,Móveis,Loja Física,Helena Prado,2,649.90,0.00,380.00,Devolvido,Cartão de Débito,
V000533,2025-04-20,C0323,Bruno Pereira,bruno.pereira32@email.com,Brasília,DF,Centro-Oeste,P012,Soundbar 2.1,Eletrônicos,WhatsApp,Bruno Rocha,3,10798.80,0.05,530.00,Devolvido,PIX,
V000534,2025-05-24,C0019,Lucas Oliveira,lucas.oliveira19@email.com,Olinda,PE,Nordeste,P007,Smartphone X,Telefonia,Loja Física,Diego Alves,1,2799.90,0.00,2050.00,Em transporte,Boleto,
V000535,2026-05-27,C0274,Samuel Silva,samuel.silva80@email.com,Blumenau,SC,Sul,P015,Aspirador Vertical,Eletroportáteis,Loja Física,Ana Lima,1,749.90,0.00,420.00,Em transporte,Cartão de Crédito,
V000536,2026-02-20,C0061,Talita Almeida,talita.almeida61@email.com,Goiânia,GO,Centro-Oeste,P007,Smartphone X,Telefonia,WhatsApp,Carla Mendes,2,2799.90,0.00,2050.00,Concluído,PIX,1
V000537,2026-05-16,C0335,Lucas Santos,lucas.santos44@email.com,Brasília,DF,Centro-Oeste,P001,Notebook Pro 15,Informática,WhatsApp,Ana Lima,1,4599.90,0.15,3480.00,Concluído,PIX,1
V000538,2025-02-21,C0158,Isabela Nascimento,isabela.nascimento61@email.com,Brasília,DF,Centro-Oeste,P004,Mouse Sem Fio,Periféricos,WhatsApp,Carla Mendes,3,129.90,0.00,62.00,Em transporte,Cartão de Crédito,
V000539,2025-04-27,C0255,Vinícius Pereira,vinicius.pereira61@email.com,Porto Alegre,RS,Sul,P008,Smartphone Lite,telefonia,Loja Física,Diego Alves,1,1599.90,0.20,1160.00,Em transporte,Cartão de Débito,
V000540,2025-11-29,C0062,Paulo Rodrigues,paulo.rodrigues62@email.com,Manaus,AM,Norte,P018,Estante Modular,Móveis,E-commerce,Gustavo Nunes,3,649.90,0.20,380.00,Concluído,PIX,1
V000541,2025-12-10,C0033,Paulo Santos,paulo.santos33@email.com,Fortaleza,CE,Nordeste,P004,Mouse Sem Fio,Periféricos,Marketplace,Carla Mendes,2,129.90,0.00,62.00,Devolvido,PIX,
V000542,2026-07-21,C0085,Daniel Lima,daniel.lima85@email.com,Salvador,BA,Nordeste,P015,Aspirador Vertical,Eletroportáteis,E-commerce,Ana Lima,1,749.90,0.20,420.00,Em transporte,Cartão de Débito,
V000543,2025-06-11,C0009,Felipe Ribeiro,felipe.ribeiro9@email.com,Manaus,AM,Norte,P016,Cadeira Office,Móveis,Loja Física,Ana Lima,1,1099.90,0.00,690.00,Devolvido,Boleto,
V000544,2026-03-03,C0356,Isabela Oliveira,isabela.oliveira65@email.com,Campinas,SP,Sudeste,P016,Cadeira Office,Móveis,E-commerce,Diego Alves,1,1099.90,0.00,690.00,Cancelado,Cartão de Débito,
V000545,26-02-2026,C0123,Renata Rodrigues,renata.rodrigues26@email.com,Brasília,DF,Centro-Oeste,P006,Headset Gamer,Periféricos,Loja Física,Carla Mendes,2,289.90,0.10,158.00,Concluído,Boleto,4
V000546,2026-03-05,C0003,Samuel Santos,samuel.santos3@email.com,Duque de Caxias,RJ,Sudeste,P018,Estante Modular,Móveis,E-commerce,Diego Alves,1,649.90,0.10,380.00,Concluído,Boleto,
V000547,2026-07-07,C0260,Paulo Santos,paulo.santos66@email.com,Brasília,DF,Centro-Oeste,P008,Smartphone Lite,Telefonia,WhatsApp,Diego Alves,1,1599.90,0.00,1160.00,Concluído,Cartão de Débito,3
V000548,2026-05-25,C0091,Camila Silva,camila.silva91@email.com,Manaus,AM,Norte,P006,Headset Gamer,Periféricos,Loja Física,Ana Lima,2,289.90,0.00,158.00,Concluído,Boleto,5
V000549,2025-12-09,C0316,Lucas Lima,lucas.lima25@email.com,Anápolis,GO,Centro-Oeste,P015,Aspirador Vertical,Eletroportáteis,Loja Física,Bruno Rocha,2,749.90,0.10,420.00,Concluído,Cartão de Crédito,3
V000550,12-05-2026,C0264,Samuel Silva,samuel.silva70@email.com,Feira de Santana,BA,Nordeste,P004,Mouse Sem Fio,Periféricos,Loja Física,Diego Alves,2,129.90,0.10,62.00,Cancelado,Boleto,
V000551,2026-03-06,C0102,Isabela Nascimento,isabela.nascimento5@email.com,Brasília,DF,Centro-Oeste,P011,Smart TV 43,Eletrônicos,E-commerce,Bruno Rocha,1,1999.90,0.00,1420.00,Concluído,PIX,5
V000552,2026-01-20,C0113,Samuel Rodrigues,samuel.rodrigues16@email.com,Pelotas,,Sul,P003,Monitor 27 IPS,Informática,WhatsApp,Igor Martins,1,1299.90,0.05,890.00,Concluído,Cartão de Débito,4
V000553,31/02/2026,C0199,Renata Gomes,renata.gomes5@email.com,Ananindeua,PA,Norte,P012,Soundbar 2.1,Eletrônicos,E-commerce,Igor Martins,2,899.90,0.15,530.00,Concluído,PIX,4
V000554,2025-12-10,C0066,Daniel Silva,daniel.silva66@email.com,Brasília,DF,Centro-Oeste,P002,Notebook Air 14,Informática,Loja Física,Fernanda Souza,1,3299.90,0.20,2480.00,Concluído,Cartão de Débito,5
V000555,2025-06-25,C0390,Isabela Silva,isabela.silva2@email.com,Goiânia,GO,Centro-Oeste,P011,Smart TV 43,Eletrônicos,E-commerce,Fernanda Souza,2,1999.90,0.20,1420.00,Em transporte,PIX,
V000556,2026-07-21,C0438,Vinícius Almeida,vinicius.almeida50@email.com,Pelotas,RS,Sul,P008,Smartphone Lite,Telefonia,Loja Física,Helena Prado,3,1599.90,0.05,1160.00,Em transporte,PIX,
V000557,2026-04-30,C0429,Karen Oliveira,karen.oliveira41@email.com,Brasília,DF,Centro-Oeste,P015,Aspirador Vertical,Eletroportáteis,Marketplace,Ana Lima,2,"R$ 749,90",0.15,420.00,Em transporte,PIX,
V000558,2025-09-11,C0168,Ana Costa,ana.costa71@email.com,Olinda,PE,Nordeste,P014,Air Fryer 5L,Eletroportáteis,E-commerce,Carla Mendes,4,599.90,0.00,330.00,Concluído,Cartão de Crédito,1
V000559,2026-04-27,C0376,Daniel Costa,daniel.costa85@email.com,Ananindeua,PA,Norte,P017,Mesa Escritório,Móveis,Loja Física,Helena Prado,1,899.90,0.05,540.00,Em transporte,Cartão de Crédito,
V000560,2026-04-09,C0254,Bruno Rodrigues,bruno.rodrigues60@email.com,Aparecida de Goiânia,GO,Centro-Oeste,P008,Smartphone Lite,Telefonia,Loja Física,Ana Lima,2,1599.90,0.05,1160.00,Concluído,Boleto,3
V000561,2025-10-30,C0123,Renata Rodrigues,renata.rodrigues26@email.com,Brasília,DF,Centro-Oeste,P003,Monitor 27 IPS,Informática,Loja Física,Igor Martins,2,1299.90,0.00,890.00,Devolvido,Cartão de Débito,
V000562,2025-01-25,C0233,Eduarda Lima,eduarda.lima39@email.com,Juiz de Fora,MG,Sudeste,P015,Aspirador Vertical,Eletroportáteis,E-commerce,Helena Prado,1,749.90,15%,420.00,Concluído,Cartão de Crédito,5
V000563,2025-03-14,C0198,Eduarda Rodrigues,eduarda.rodrigues4@email.com,Belém,PA,,P011,Smart TV 43,Eletrônicos,Loja Física,Fernanda Souza,1,1999.90,0.00,1420.00,Devolvido,PIX,
V000564,2025-03-24,C0318,Isabela Silva,isabela.silva27@email.com,Vitória da Conquista,BA,Nordeste,P011,Smart TV 43,Eletrônicos,Loja Física,Gustavo Nunes,3,1999.90,0.00,1420.00,Concluído,Cartão de Débito,4
V000565,2025-02-11,C0188,Felipe Pereira,felipe.pereira91@email.com,Rio de Janeiro,RJ,Sudeste,P012,Soundbar 2.1,Eletrônicos,E-commerce,Equipe Digital,2,899.90,0.10,530.00,Devolvido,PIX,
V000566,2025-05-22,C0172,Mariana Ribeiro,mariana.ribeiro75@email.com,Brasília,DF,Centro-Oeste,P008,Smartphone Lite,Telefonia,Loja Física,Igor Martins,2,1599.90,0.20,1160.00,Cancelado,PIX,
V000567,2025-08-19,C0165,Olívia Rodrigues,olivia.rodrigues68@email.com,Fortaleza,CE,Nordeste,P012,Soundbar 2.1,Eletrônicos,Marketplace,Helena Prado,1,899.90,0.00,530.00,Concluído,Cartão de Débito,4
V000568,2026/05/13,C0257,Isabela Lima,isabela.lima63@email.com,Manaus,AM,Norte,P017,Mesa Escritório,Móveis,Loja Física,Igor Martins,2,899.90,0.15,540.00,Em transporte,Boleto,
V000569,08/04/2026,C0318,Isabela Silva,isabela.silva27@email.com,Vitória da Conquista,BA,Nordeste,P012,Soundbar 2.1,Eletrônicos,Loja Física,Diego Alves,4,899.90,0.05,530.00,devolvido,Cartão de Débito,2
V000570,2025-07-03,C0148,Talita Souza,talita.souza51@email.com,Vitória da Conquista,BA,Nordeste,P003,Monitor 27 IPS,Informática,Loja Física,Carla Mendes,1,1299.90,0.15,890.00,Concluído,PIX,5
V000571,2025-07-29,C0267,SAMUEL ALMEIDA,samuel.almeida73@email.com,Brasília,DF,Centro-Oeste,P001,Notebook Pro 15,Informática,Marketplace,Helena Prado,5,4599.90,0.10,3480.00,Concluído,PIX,5
V000572,2026-03-07,C0228,Ana Lima,ana.lima34@email.com,Petrópolis,RJ,Sudeste,P001,Notebook Pro 15,Informática,Marketplace,Diego Alves,1,4599.90,0.20,3480.00,Em transporte,PIX,
V000573,2026-06-17,C0331,Samuel Costa,samuel.costa40@email.com,Manaus,AM,Norte,P011,Smart TV 43,Eletrônicos,WhatsApp,Gustavo Nunes,2,"R$ 1.999,90",0.20,1420.00,Concluído,Cartão de Débito,5
V000574,2026-04-14,C0156,Olívia Oliveira,olivia.oliveira59@email.com,Sobral,CE,Nordeste,P005,Teclado Mecânico,Periféricos,Marketplace,Carla Mendes,2,349.90,0.00,195.00,Concluído,Boleto,4
V000575,2025-02-18,C0076,Isabela Almeida,isabela.almeida76@email.com,Feira de Santana,BA,Nordeste,P012,Soundbar 2.1,Eletrônicos,Marketplace,Igor Martins,5,899.90,0.10,530.00,Concluído,Boleto,5
V000576,2025-07-06,C0090,João Almeida,joao.almeida90@email.com,Juiz de Fora,MG,Sudeste,P005,Teclado Mecânico,Periféricos,E-commerce,Diego Alves,1,349.90,0.00,195.00,EM TRANSPORTE,PIX,
V000577,2026-03-28,C0134,Nicolas Costa,nicolas.costa37@email.com,Brasília,DF,Centro-Oeste,P012,Soundbar 2.1,Eletrônicos,E-commerce,Diego Alves,2,899.90,0.00,530.00,Devolvido,Boleto,
V000578,2025-12-19,C0076,Isabela Almeida,isabela.almeida76@email.com,Feira de Santana,BA,Nordeste,P012,Soundbar 2.1,Eletrônicos,WhatsApp,Carla Mendes,1,899.90,0.00,530.00,Concluído,Cartão de Débito,5
V000579,2025-05-29,C0235,Vinícius Lima,vinicius.lima41@email.com,Goiânia,GO,Centro-Oeste,P011,Smart TV 43,Eletrônicos,E-commerce,Ana Lima,5,1999.90,0.10,1420.00,Cancelado,Boleto,
V000580,2025-10-30,C0243,Vinícius Almeida,vinicius.almeida49@email.com,Ananindeua,PA,Norte,P010,Smart TV 55,Eletrônicos,E-commerce,Igor Martins,1,2899.90,0.00,2070.00,Devolvido,Cartão de Débito,
V000581,2025-02-11,C0072,Samuel Silva,samuel.silva72@email.com,Brasília,DF,Centro-Oeste,P018,Estante Modular,Móveis,Loja Física,Fernanda Souza,1,649.90,0.10,380.00,Em transporte,PIX,
V000582,2026-04-02,C0183,Ana Lima,ana.lima86@email.com,Curitiba,PR,Sul,P003,Monitor 27 IPS,Informática,Marketplace,Ana Lima,2,1299.90,0.00,890.00,Cancelado,PIX,
V000583,2025-10-12,C0101,Karen Souza,karen.souza4@email.com,Santarém,PA,Norte,P001,Notebook Pro 15,Informática,Loja Física,Igor Martins,2,4599.90,0.00,3480.00,Cancelado,Cartão de Débito,
V000584,2025-07-19,C0252,Mariana Pereira,mariana.pereira58@email.com,Blumenau,SC,Sul,P011,Smart TV 43,Eletrônicos,Loja Física,Gustavo Nunes,1,1999.90,0.15,1420.00,Em transporte,Cartão de Débito,
V000585,2026-01-14,C0198,Eduarda Rodrigues,eduarda.rodrigues4@email.com,Belém,PA,Norte,P012,Soundbar 2.1,Eletrônicos,Loja Física,Fernanda Souza,1,899.90,0.00,530.00,Concluído,Cartão de Crédito,5
V000586,2025-08-09,C0373,Daniel Gomes,daniel.gomes82@email.com,Niterói,RJ,Sudeste,P015,Aspirador Vertical,Eletroportáteis,WhatsApp,Igor Martins,1,749.90,0.20,420.00,Devolvido,Cartão de Débito,
V000587,2026-03-01,C0072,Samuel Silva,samuel.silva72@email.com,Brasília,DF,Centro-Oeste,P003,Monitor 27 IPS,Informática,E-commerce,Diego Alves,1,1299.90,0.20,890.00,Cancelado,Boleto,
V000588,2025-03-09,C0303,Bruno Costa,bruno.costa12@email.com,São Paulo,SP,Sudeste,P013,Cafeteira Premium,Eletroportáteis,Loja Física,Ana Lima,1,449.90,0.00,250.00,Concluído,Cartão de Débito,3
V000589,2025-05-21,C0103,Bruno Santos,bruno.santos6@email.com,Blumenau,SC,Sul,P006,Headset Gamer,Periféricos,WhatsApp,Fernanda Souza,2,289.90,0.00,158.00,Em transporte,Boleto,
V000590,2025-11-08,C0253,Paulo Almeida,paulo.almeida59@email.com,Fortaleza,CE,Nordeste,P018,Estante Modular,Móveis,WhatsApp,Diego Alves,1,649.90,0.00,380.00,Concluído,Boleto,4
V000591,2026-04-29,C0064,Nicolas Rodrigues,nicolas.rodrigues64@email.com,CAXIAS DO SUL,RS,Sul,P010,Smart TV 55,Eletrônicos,WhatsApp,Carla Mendes,1,2899.90,0.15,2070.00,Devolvido,PIX,
V000592,2025-01-30,C0062,Paulo Rodrigues,paulo.rodrigues62@email.com,Manaus,AM,Norte,P009,Tablet 10,Telefonia,WhatsApp,Bruno Rocha,2,1899.90,0.00,1370.00,Cancelado,Cartão de Débito,
V000593,2026-03-23,C0445,Karen Gomes,karen.gomes57@email.com,Manaus,AM,Norte,P009,Tablet 10,Telefonia,WhatsApp,Bruno Rocha,1,1899.90,0.15,1370.00,Cancelado,Cartão de Crédito,
V000594,2025-09-23,C0084,Camila Gomes,camila.gomes84@email.com,Goiânia,GO,Centro-Oeste,P002,Notebook Air 14,Informática,E-commerce,Gustavo Nunes,1,3299.90,0.15,2480.00,Concluído,PIX,4
V000595,2025-02-24,C0140,Karen Almeida,karen.almeida43@email.com,Anápolis,GO,Centro-Oeste,P012,Soundbar 2.1,Eletrônicos,WhatsApp,Gustavo Nunes,1,899.90,0.00,530.00,Cancelado,Cartão de Crédito,
V000596,2026-06-11,C0100,João Lima,joao.lima3@email.com,Florianópolis,SC,Sul,P006,Headset Gamer,Periféricos,Loja Física,Carla Mendes,1,289.90,15%,158.00,Concluído,Boleto,4
V000597,2026-01-07,C0050,Renata Lima,renata.lima50@email.com,Joinville,SC,Sul,P018,Estante Modular,Móveis,Marketplace,Carla Mendes,1,649.90,0.10,380.00,Concluído,Cartão de Débito,4
V000598,2026-02-26,C0175,Ana Santos,ana.santos78@email.com,Brasília,DF,Centro-Oeste,P006,Headset Gamer,Periféricos,Loja Física,Diego Alves,1,289.90,0.00,158.00,Em transporte,PIX,
V000599,2026-07-27,C0315,Daniel Souza,daniel.souza24@email.com,Olinda,PE,Nordeste,P017,Mesa Escritório,Móveis,Loja Física,Helena Prado,1,899.90,0.00,540.00,Concluído,Cartão de Crédito,3
V000600,2026-05-07,C0179,Nicolas Pereira,nicolas.pereira82@email.com,Florianópolis,SC,Sul,P010,Smart TV 55,Eletrônicos,Marketplace,Carla Mendes,3,2899.90,0.10,2070.00,Cancelado,Boleto,
V000601,2025-06-26,C0364,RENATA SOUZA,renata.souza73@email.com,Caruaru,PE,Nordeste,P010,Smart TV 55,Eletrônicos,Loja Física,Bruno Rocha,1,2899.90,0.20,2070.00,Devolvido,PIX,
V000602,2025-08-21,C0158,Isabela Nascimento,isabela.nascimento61@email.com,Brasília,DF,Centro-Oeste,P005,Teclado Mecânico,Periféricos,E-commerce,Carla Mendes,6,349.90,0.05,195.00,Devolvido,Cartão de Crédito,
V000603,2025-03-21,C0010,Isabela Oliveira,isabela.oliveira10@email.com,Porto Alegre,RS,Sul,P016,Cadeira Office,Móveis,WhatsApp,Ana Lima,1,1099.90,0.00,690.00,Em transporte,Cartão de Crédito,
V000604,2026-04-26,C0061,Talita Almeida,talita.almeida61@email.com,Goiânia,GO,Centro-Oeste,P009,Tablet 10,Telefonia,Loja Física,Bruno Rocha,1,1899.90,0.00,1370.00,Em transporte,Cartão de Crédito,
V000605,2025-05-07,C0309,Isabela Almeida,isabela.almeida18@email.com,Olinda,PE,Nordeste,P007,Smartphone X,Telefonia,E-commerce,Carla Mendes,2,2799.90,0.00,2050.00,Concluído,cartao de credito,3
V000606,2025-12-23,C0181,Lucas Souza,lucas.souza84@email.com,São Paulo,SP,Sudeste,P006,Headset Gamer,Periféricos,E-commerce,Equipe Digital,2,289.90,0.00,158.00,Em transporte,Cartão de Crédito,
V000607,2026-06-26,C0112,Henrique Gomes,henrique.gomes15@email.com,Brasília,DF,Centro-Oeste,P007,Smartphone X,Telefonia,Marketplace,Carla Mendes,4,2799.90,0.10,2050.00,Concluído,PIX,2
V000608,2026-06-01,C0436,Talita Nascimento,talita.nascimento48@email.com,Caruaru,PE,Nordeste,P016,Cadeira Office,Móveis,Marketplace,Carla Mendes,1,1099.90,0.00,690.00,Concluído,Cartão de Débito,4
V000609,2026-03-11,C0110,Eduarda Silva,eduarda.silva13@email.com,Feira de Santana,BA,Nordeste,P017,Mesa Escritório,Móveis,E-commerce,Helena Prado,1,899.90,0.00,540.00,Concluído,Cartão de Crédito,5
V000610,2026-06-17,C0070,Henrique Santos,henrique.santos70@email.com,Olinda,PE,Nordeste,P016,Cadeira Office,Móveis,Marketplace,Fernanda Souza,2,1099.90,0.00,690.00,Concluído,Cartão de Débito,4
V000611,2025-04-29,C0198,Eduarda Rodrigues,eduarda.rodrigues4@email.com,Belém,PA,Norte,P010,Smart TV 55,Eletrônicos,WhatsApp,Fernanda Souza,2,2899.90,0.20,2070.00,Concluído,Cartão de Débito,4
V000612,2025-10-25,C0438,Vinícius Almeida,vinicius.almeida50@email.com,Pelotas,RS,Sul,P014,Air Fryer 5L,Eletroportáteis,E-commerce,Bruno Rocha,4,599.90,0.20,330.00,Concluído,PIX,4
V000613,2025-01-14,C0346,Bruno Ribeiro,bruno.ribeiro55@email.com,Joinville,SC,Sul,P016,Cadeira Office,Móveis,Loja Física,Helena Prado,1,1099.90,0.15,690.00,Devolvido,Cartão de Crédito,
V000614,2025-05-03,C0074,Paulo Souza,paulo.souza74@email.com,Olinda,PE,Nordeste,P013,Cafeteira Premium,Eletroportáteis,WhatsApp,Bruno Rocha,2,449.90,0.00,250.00,Concluído,PIX,4
V000615,2025-12-13,C0103,Bruno Santos,,Blumenau,SC,Sul,P013,Cafeteira Premium,Eletroportáteis,Loja Física,Diego Alves,3,449.90,0.15,250.00,Concluído,Boleto,4
V000616,2026-02-14,C0183,Ana Lima,ana.lima86@email.com,Curitiba,PR,Sul,P016,Cadeira Office,Móveis,WhatsApp,Igor Martins,1,1099.90,0.00,690.00,Em transporte,Cartão de Débito,
V000617,2025-04-21,C0063,Daniel Gomes,daniel.gomes63@email.com,Duque de Caxias,RJ,Sudeste,P009,Tablet 10,Telefonia,WhatsApp,Igor Martins,1,1899.90,0.00,1370.00,Concluído,Cartão de Crédito,2
V000618,2025-03-11,C0256,Henrique Gomes,henrique.gomes62@email.com,Rio de Janeiro,RJ,Sudeste,P001,Notebook Pro 15,Informática,E-commerce,Helena Prado,2,4599.90,0.00,3480.00,Concluído,Cartão de Crédito,4
V000619,2025-03-20,C0339,Nicolas Santos,nicolas.santos48@email.com,Brasília,DF,Centro-Oeste,P017,Mesa Escritório,Móveis,WhatsApp,Igor Martins,1,899.90,0.15,540.00,Concluído,Boleto,5
V000620,2026-07-10,C0176,Olívia Oliveira,olivia.oliveira79@email.com,Belo Horizonte,MG,Sudeste,P018,Estante Modular,moveis,Loja Física,Ana Lima,6,649.90,0.00,380.00,Concluído,Boleto,5
V000621,2026-01-21,C0227,Eduarda Gomes,eduarda.gomes33@email.com,Ananindeua,PA,Norte,P015,Aspirador Vertical,Eletroportáteis,Loja Física,Ana Lima,1,749.90,0.15,420.00,Em transporte,Boleto,
V000622,2025-06-18,C0252,Mariana Pereira,mariana.pereira58@email.com,Blumenau,SC,Sul,P014,Air Fryer 5L,Eletroportáteis,E-commerce,Fernanda Souza,2,599.90,0.05,330.00,cancelado,Cartão de Crédito,
V000623,2026-05-18,C0338,Olívia Ribeiro,,Petrópolis,RJ,Sudeste,P018,Estante Modular,Móveis,WhatsApp,Igor Martins,2,649.90,0.00,380.00,Cancelado,Cartão de Crédito,
V000624,2026-02-05,C0135,João Nascimento,joao.nascimento38@email.com,Belém,PA,Norte,P016,Cadeira Office,Móveis,WhatsApp,Gustavo Nunes,2,1099.90,0.00,690.00,Concluído,Cartão de Crédito,1
V000625,2025-02-16,C0066,Daniel Silva,daniel.silva66@email.com,Brasília,DF,Centro-Oeste,P012,Soundbar 2.1,Eletrônicos,Marketplace,Ana Lima,2,899.90,0.15,530.00,Concluído,Cartão de Crédito,5
V000626,2026-03-15,C0177,Mariana Costa,mariana.costa80@email.com,Florianópolis,SC,Sul,P012,Soundbar 2.1,Eletrônicos,WhatsApp,Gustavo Nunes,1,899.90,0.00,530.00,Concluído,Boleto,4
V000627,2025-03-28,C0353,Talita Souza,talita.souza62@email.com,Manaus,AM,Norte,P003,Monitor 27 IPS,Informática,Marketplace,Bruno Rocha,1,1299.90,0.00,890.00,Cancelado,Boleto,
V000628,2025-02-08,C0236,Renata Rodrigues,renata.rodrigues42@email.com,Manaus,AM,Norte,P014,Air Fryer 5L,Eletroportáteis,WhatsApp,Fernanda Souza,1,599.90,0.05,330.00,Cancelado,BOLETO,
V000629,2025-11-21,C0194,Nicolas Gomes,nicolas.gomes0@email.com,Juazeiro do Norte,CE,Nordeste,P013,Cafeteira Premium,Eletroportáteis,Marketplace,Bruno Rocha,3,449.90,0.00,250.00,Devolvido,PIX,
V000630,2025-12-11,C0255,Vinícius Pereira,vinicius.pereira61@email.com,Porto Alegre,RS,Sul,P017,Mesa Escritório,Móveis,Marketplace,Carla Mendes,2,899.90,0.00,540.00,Concluído,Cartão de Débito,4
V000631,2025-03-19,C0431,Isabela Lima,isabela.lima43@email.com,Manaus,AM,Norte,P018,Estante Modular,Móveis,E-commerce,Fernanda Souza,1,649.90,0.00,380.00,Cancelado,Cartão de Débito,
V000632,2025-08-20,C0320,Henrique Lima,henrique.lima29@email.com,Joinville,SC,Sul,P003,Monitor 27 IPS,Informática,Loja Física,Gustavo Nunes,1,"R$ 1.299,90",0.10,890.00,EM TRANSPORTE,Cartão de Débito,
V000633,2026-03-14,C0108,Eduarda Nascimento,eduarda.nascimento11@email.com,Belém,PA,Norte,P012,Soundbar 2.1,Eletrônicos,Loja Física,Fernanda Souza,1,899.90,0.00,530.00,Concluído,Boleto,5
V000634,2025-07-24,C0213,Henrique Pereira,henrique.pereira19@email.com,Santarém,PA,Norte,P013,Cafeteira Premium,Eletroportáteis,Marketplace,Igor Martins,2,449.90,0.10,250.00,Concluído,PIX,1
V000635,2026-05-27,C0110,Eduarda Silva,eduarda.silva13@email.com,Feira de Santana,BA,Nordeste,P015,Aspirador Vertical,Eletroportáteis,Marketplace,,4,749.90,0.15,420.00,Devolvido,Cartão de Crédito,
V000636,2026-06-19,C0103,Bruno Santos,bruno.santos6@email.com,Blumenau,SC,Sul,P012,Soundbar 2.1,Eletrônicos,WhatsApp,Carla Mendes,1,899.90,0.15,530.00,Devolvido,Boleto,
V000637,2026-03-22,C0211,Paulo Almeida,paulo.almeida17@email.com,Recife,PE,Nordeste,P011,Smart TV 43,Eletrônicos,Loja Física,Diego Alves,3,1999.90,0.00,1420.00,Em transporte,Boleto,
V000638,2025-06-14,C0132,Vinícius Costa,vinicius.costa35@email.com,Pelotas,RS,Sul,P008,Smartphone Lite,Telefonia,WhatsApp,Diego Alves,1,1599.90,0.00,1160.00,Concluído,Boleto,4
V000639,2026-04-21,C0249,EDUARDA SANTOS,eduarda.santos55@email.com,Florianópolis,SC,Sul,P018,Estante Modular,Móveis,WhatsApp,Helena Prado,2,649.90,0.00,380.00,Concluído,Boleto,3
V000640,2025-05-20,C0015,Samuel Pereira,samuel.pereira15@email.com,Petrópolis,RJ,Sudeste,P009,Tablet 10,Telefonia,Marketplace,Carla Mendes,2,1899.90,0.00,1370.00,Devolvido,Cartão de Débito,
V000641,2025-01-21,C0029,Eduarda Pereira,eduarda.pereira29@email.com,Recife,PE,Nordeste,P003,Monitor 27 IPS,Informática,Marketplace,Fernanda Souza,3,1299.90,0.05,890.00,Concluído,Cartão de Débito,2
V000642,24-05-2025,C0121,Gabriela Rodrigues,gabriela.rodrigues24@email.com,Brasília,DF,Centro-Oeste,P004,Mouse Sem Fio,Periféricos,Loja Física,Fernanda Souza,1,129.90,0.00,62.00,Concluído,Cartão de Crédito,
V000643,2025-11-17,C0169,Mariana Rodrigues,mariana.rodrigues72@email.com,Manaus,AM,Norte,P013,Cafeteira Premium,Eletroportáteis,E-commerce,Helena Prado,1,449.90,0.00,250.00,Concluído,Boleto,4
V000644,2026-03-27,C0210,Samuel Souza,samuel.souza16@email.com,Caruaru,PE,Nordeste,P009,Tablet 10,Telefonia,Loja Física,Igor Martins,1,1899.90,0.15,"R$ 1.370,00",Concluído,Cartão de Débito,4
V000645,2026-05-02,C0350,Gabriela Santos,gabriela.santos59@email.com,Joinville,SC,Sul,P008,Smartphone Lite,Telefonia,Marketplace,Carla Mendes,1,1599.90,0.15,1160.00,Concluído,Cartão de Crédito,4
V000646,2025-02-05,C0431,Isabela Lima,isabela.lima43@email.com,Manaus,AM,Norte,P002,Notebook Air 14,Informática,E-commerce,Fernanda Souza,2,3299.90,0.00,2480.00,Devolvido,Boleto,
V000647,2025-05-05,C0274,Samuel Silva,samuel.silva80@email.com,Blumenau,SC,Sul,P008,Smartphone Lite,Telefonia,WhatsApp,Helena Prado,1,1599.90,0.05,1160.00,Concluído,Cartão de Crédito,4
V000648,2025-08-30,C0153,Henrique Santos,henrique.santos56@email.com,Juazeiro do Norte,CE,Nordeste,P007,Smartphone X,Telefonia,E-commerce,Igor Martins,2,2799.90,0.20,2050.00,Em transporte,Cartão de Débito,
V000649,2025-02-04,C0141,Gabriela Nascimento,gabriela.nascimento44@email.com,Olinda,PE,Nordeste,P003,Monitor 27 IPS,Informática,WhatsApp,Igor Martins,2,1299.90,0.20,890.00,Concluído,Cartão de Crédito,5
V000650,2025-06-14,C0358,Ana Oliveira,ana.oliveira67@email.com,Brasília,DF,Centro-Oeste,P009,Tablet 10,Telefonia,Loja Física,Gustavo Nunes,1,1899.90,0.15,1370.00,Em transporte,Boleto,
V000651,2026-04-10,C0356,Isabela Oliveira,isabela.oliveira65@email.com,Campinas,SP,Sudeste,P001,Notebook Pro 15,Informática,Loja Física,Carla Mendes,2,4599.90,0.20,3480.00,Devolvido,PIX,
V000652,2025-01-04,C0206,Lucas Pereira,lucas.pereira12@email.com,Londrina,PR,Sul,P007,Smartphone X,Telefonia,Marketplace,Gustavo Nunes,2,2799.90,0.00,2050.00,Concluído,PIX,4
V000653,2026-02-25,C0406,Ana Souza,ana.souza18@email.com,Santos,SP,Sudeste,P011,Smart TV 43,Eletrônicos,WhatsApp,Igor Martins,3,1999.90,0.00,1420.00,Concluído,Boleto,3
V000654,2025-10-16,C0102,Isabela Nascimento,isabela.nascimento5@email.com,Brasília,DF,Centro-Oeste,P003,Monitor 27 IPS,Informática,WhatsApp,Gustavo Nunes,1,1299.90,0.05,890.00,Em transporte,PIX,
V000655,2025-01-22,C0012,Daniel Costa,,Feira de Santana,BA,Nordeste,P018,Estante Modular,Móveis,E-commerce,Bruno Rocha,5,649.90,0.00,380.00,Concluído,Cartão de Crédito,3
V000656,2026-02-15,C0317,João Silva,joao.silva26@email.com,Santarém,PA,Norte,P014,Air Fryer 5L,Eletroportáteis,Marketplace,Carla Mendes,1,599.90,0.00,330.00,Concluído,Cartão de Crédito,
V000657,2025-01-15,C0368,Olívia Santos,olivia.santos77@email.com,Recife,PE,Nordeste,P017,Mesa Escritório,Móveis,WhatsApp,Igor Martins,3,899.90,0.05,540.00,Concluído,PIX,4
V000658,2025-07-15,C0442,Olívia Almeida,olivia.almeida54@email.com,Santarém,PA,Norte,P009,Tablet 10,Telefonia,Marketplace,Igor Martins,1,1899.90,0.05,1370.00,Em transporte,PIX,
V000659,2025-08-09,C0422,Daniel Nascimento,daniel.nascimento34@email.com,Sobral,CE,Nordeste,P010,Smart TV 55,Eletrônicos,E-commerce,Helena Prado,1,2899.90,0.20,2070.00,Concluído,Boleto,1
V000660,2025-09-26,C0121,Gabriela Rodrigues,gabriela.rodrigues24@email.com,Brasília,DF,Centro-Oeste,P015,Aspirador Vertical,Eletroportáteis,E-commerce,Gustavo Nunes,2,749.90,0.15,"R$ 420,00",Concluído,Cartão de Crédito,2
V000661,2026-04-26,C0069,Nicolas Oliveira,nicolas.oliveira69@email.com,Juiz de Fora,MG,Sudeste,P011,Smart TV 43,Eletrônicos,WhatsApp,Diego Alves,2,1999.90,0.15,1420.00,Concluído,Boleto,
V000662,2025-03-16,C0049,Paulo Nascimento,paulo.nascimento49@email.com,Uberlândia,MG,Sudeste,P018,Estante Modular,Móveis,Loja Física,,1,649.90,0.00,380.00,Concluído,Cartão de Crédito,4
V000663,2025-01-06,C0130,Samuel Gomes,samuel.gomes33@email.com,Manaus,AM,Norte,P017,Mesa Escritório,Móveis,WhatsApp,Fernanda Souza,5,899.90,0.15,540.00,Concluído,Cartão de Crédito,3
V000664,2025-07-03,C0134,Nicolas Costa,nicolas.costa37@email.com,Brasília,DF,Centro-Oeste,P006,Headset Gamer,Periféricos,WhatsApp,Gustavo Nunes,3,289.90,0.00,158.00,Concluído,cartao de credito,4
V000665,2025-05-26,C0134,Nicolas Costa,nicolas.costa37@email.com,Brasília,DF,Centro-Oeste,P004,Mouse Sem Fio,Periféricos,Marketplace,Ana Lima,5,129.90,0.05,62.00,Em transporte,Boleto,
V000666,2026-01-05,C0221,Paulo Pereira,paulo.pereira27@email.com,Santarém,PA,Norte,P010,Smart TV 55,Eletrônicos,Marketplace,Fernanda Souza,1,2899.90,0.05,2070.00,Concluído,Cartão de Débito,4
V000667,2025-06-04,C0285,Olívia Nascimento,olivia.nascimento91@email.com,Contagem,MG,Sudeste,P015,Aspirador Vertical,Eletroportáteis,Loja Física,Diego Alves,1,749.90,0.00,420.00,Concluído,Cartão de Débito,1
V000668,2025-09-24,C0084,Camila Gomes,camila.gomes84@email.com,Goiânia,GO,Centro-Oeste,P015,Aspirador Vertical,Eletroportáteis,WhatsApp,Bruno Rocha,6,749.90,0.05,420.00,Concluído,Boleto,5
V000669,2026-07-29,C0249,Eduarda Santos,eduarda.santos55@email.com,Florianópolis,SC,Sul,P015,Aspirador Vertical,Eletroportáteis,WhatsApp,Bruno Rocha,3,749.90,0.20,420.00,Concluído,Boleto,2
V000670,2025-04-06,C0105,Eduarda Gomes,eduarda.gomes8@email.com,Caxias do Sul,RS,Sul,P010,Smart TV 55,Eletrônicos,E-commerce,Carla Mendes,2,2899.90,0.20,2070.00,cancelado,PIX,
V000671,2025-01-05,C0270,Bruno Souza,bruno.souza76@email.com,Manaus,AM,Norte,P006,Headset Gamer,Periféricos,WhatsApp,Bruno Rocha,1,289.90,0.05,158.00,Devolvido,Cartão de Crédito,
V000672,2025-12-03,C0014,Samuel Santos,samuel.santos14@email.com,Olinda,PE,Nordeste,P010,Smart TV 55,Eletrônicos,Loja Física,Helena Prado,1,2899.90,0.00,2070.00,Em transporte,Boleto,
V000673,2025-06-07,C0015,Samuel Pereira,samuel.pereira15@email.com,Petrópolis,RJ,Sudeste,P003,Monitor 27 IPS,Informática,WhatsApp,Igor Martins,1,1299.90,0.00,890.00,Cancelado,Cartão de Crédito,
V000674,2025-12-04,C0023,Olívia Rodrigues,olivia.rodrigues23@email.com,Juiz de Fora,MG,Sudeste,P015,Aspirador Vertical,Eletroportáteis,Marketplace,Carla Mendes,1,749.90,0.00,420.00,Em transporte,Boleto,
V000675,2025-11-27,C0409,Nicolas Oliveira,nicolas.oliveira21@email.com,Belém,PA,Norte,P002,Notebook Air 14,Informática,Loja Física,Helena Prado,1,3299.90,0.00,2480.00,Concluído,Cartão de Débito,4
V000676,2025-04-02,C0011,Karen Santos,karen.santos11@email.com,Manaus,AM,Norte,P007,Smartphone X,Telefonia,E-commerce,Helena Prado,2,2799.90,0.00,2050.00,Devolvido,PIX,
V000677,2025-05-04,C0153,Henrique Santos,henrique.santos56@email.com,Juazeiro do Norte,CE,Nordeste,P016,Cadeira Office,Móveis,WhatsApp,Fernanda Souza,4,1099.90,0.10,690.00,Concluído,Cartão de Crédito,4
V000678,2026-01-12,C0263,Paulo Pereira,paulo.pereira69@email.com,Vitória da Conquista,BA,Nordeste,P007,Smartphone X,Telefonia,WhatsApp,Igor Martins,3,2799.90,0.05,2050.00,Concluído,Cartão de Débito,
V000679,2025-04-03,C0388,Isabela Lima,isabela.lima0@email.com,Manaus,AM,Norte,P014,Air Fryer 5L,Eletroportáteis,Marketplace,Carla Mendes,1,599.90,0.05,330.00,Concluído,Boleto,
V000680,2026-04-20,C0347,Olívia Almeida,olivia.almeida56@email.com,Curitiba,PR,Sul,P008,Smartphone Lite,Telefonia,E-commerce,Igor Martins,1,1599.90,0.15,1160.00,Cancelado,Cartão de Crédito,
V000681,2025-10-25,C0240,Isabela Gomes,isabela.gomes46@email.com,Curitiba,PR,Sul,P014,Air Fryer 5L,Eletroportáteis,Loja Física,Igor Martins,1,599.90,0.00,330.00,Devolvido,Boleto,
V000682,2025-09-12,C0268,Gabriela Nascimento,gabriela.nascimento74@email.com,Santos,SP,Sudeste,P014,Air Fryer 5L,Eletroportáteis,Marketplace,Ana Lima,2,599.90,0.00,330.00,Cancelado,Cartão de Crédito,
V000683,2026-06-07,C0218,Daniel Ribeiro,daniel.ribeiro24@email.com,Curitiba,PR,Sul,P014,Air Fryer 5L,Eletroportáteis,Loja Física,Igor Martins,2,599.90,0.10,330.00,Em transporte,Boleto,
V000684,2025-12-30,C0131,Nicolas Santos,nicolas.santos34@email.com,Pelotas,RS,Sul,P003,Monitor 27 IPS,Informática,Loja Física,Bruno Rocha,2,1299.90,0.05,890.00,Concluído,Cartão de Débito,3
V000685,2025-02-16,C0043,Renata Lima,renata.lima43@email.com,Brasília,DF,Centro-Oeste,P014,Air Fryer 5L,Eletroportáteis,Marketplace,Gustavo Nunes,2,599.90,0.05,330.00,Em transporte,Cartão de Débito,
V000686,2025-09-29,C0175,Ana Santos,ana.santos78@email.com,Brasília,DF,Centro-Oeste,P006,Headset Gamer,Periféricos,E-commerce,Carla Mendes,1,289.90,0.10,158.00,Concluído,Cartão de Débito,2
V000687,2026-07-02,C0010,Isabela Oliveira,isabela.oliveira10@email.com,Porto Alegre,RS,Sul,P001,Notebook Pro 15,Informática,WhatsApp,Bruno Rocha,1,4599.90,0.15,3480.00,Concluído,cartão débito,5
V000688,2026-05-14,C0156,Olívia Oliveira,olivia.oliveira59@email.com,Sobral,CE,Nordeste,P012,Soundbar 2.1,Eletrônicos,WhatsApp,Fernanda Souza,1,899.90,0.00,530.00,Concluído,Cartão de Crédito,4
V000689,2025-01-17,C0357,Isabela Oliveira,isabela.oliveira66@email.com,Fortaleza,CE,Nordeste,P007,Smartphone X,Telefonia,Loja Física,Diego Alves,1,2799.90,0.00,2050.00,Devolvido,PIX,
V000690,2026-03-23,C0432,Renata Santos,renata.santos44@email.com,Caxias do Sul,RS,Sul,P018,Estante Modular,Móveis,E-commerce,Bruno Rocha,1,649.90,0.05,380.00,Concluído,Cartão de Débito,5
V000691,2025-01-23,C0060,Samuel Oliveira,samuel.oliveira60@email.com,Maringá,PR,Sul,P006,Headset Gamer,,E-commerce,Igor Martins,5,289.90,0.05,158.00,Concluído,PIX,5
V000692,2025-07-26,C0151,Daniel Rodrigues,daniel.rodrigues54@email.com,Campinas,SP,Sudeste,P013,Cafeteira Premium,Eletroportáteis,Loja Física,Gustavo Nunes,1,449.90,0.15,250.00,Em transporte,Cartão de Débito,
V000693,2026-03-02,C0435,Vinícius Lima,vinicius.lima47@email.com,Duque de Caxias,RJ,Sudeste,P016,Cadeira Office,Móveis,Marketplace,Ana Lima,1,1099.90,0.05,690.00,Cancelado,Cartão de Débito,
V000694,2025-08-26,C0366,Ana Silva,ana.silva75@email.com,Brasília,DF,Centro-Oeste,P002,Notebook Air 14,Informática,Loja Física,Helena Prado,2,3299.90,0.10,2480.00,Concluído,Cartão de Débito,4
V000695,2026-04-30,C0060,Samuel Oliveira,samuel.oliveira60@email.com,Maringá,PR,Sul,P016,Cadeira Office,Móveis,Marketplace,Igor Martins,2,1099.90,0.00,690.00,Concluído,PIX,4
V000696,2026-04-26,C0177,Mariana Costa,mariana.costa80@email.com,Florianópolis,SC,Sul,P015,Aspirador Vertical,Eletroportáteis,E-commerce,Equipe Digital,1,749.90,0.15,420.00,Concluído,Cartão de Débito,
V000697,2025-05-15,C0151,Daniel Rodrigues,daniel.rodrigues54@email.com,Campinas,SP,Sudeste,P013,Cafeteira Premium,Eletroportáteis,WhatsApp,Gustavo Nunes,3,449.90,0.20,250.00,Em transporte,PIX,
V000698,2025-08-01,C0145,João Souza,joao.souza48@email.com,Brasília,DF,Centro-Oeste,P003,Monitor 27 IPS,Informática,WhatsApp,Carla Mendes,1,1299.90,0.00,890.00,Cancelado,Cartão de Débito,
V000699,2025-04-14,C0407,Eduarda Pereira,eduarda.pereira19@email.com,Londrina,PR,Sul,P014,Air Fryer 5L,Eletroportáteis,WhatsApp,Fernanda Souza,1,599.90,0.10,330.00,Concluído,Boleto,1
V000700,25/09/2025,C0183,Ana Lima,ana.lima86@email.com,Curitiba,PR,Sul,P006,Headset Gamer,Periféricos,E-commerce,Equipe Digital,1,289.90,0.00,158.00,concluido,Cartão de Crédito,5
V000701,2025-08-21,C0062,Paulo Rodrigues,paulo.rodrigues62@email.com,Manaus,AM,Norte,P018,Estante Modular,Móveis,E-commerce,Igor Martins,1,649.90,0.00,380.00,Em transporte,Boleto,
V000702,2025-02-17,C0395,Gabriela Rodrigues,gabriela.rodrigues7@email.com,Juazeiro do Norte,CE,Nordeste,P018,Estante Modular,Móveis,Marketplace,Carla Mendes,3,649.90,0.20,"R$ 380,00",Cancelado,Cartão de Crédito,
V000703,2025-02-21,C0225,Samuel Oliveira,,Ananindeua,PA,Norte,P015,Aspirador Vertical,Eletroportáteis,Loja Física,Bruno Rocha,2,749.90,0.10,420.00,Em transporte,Cartão de Crédito,
V000704,2026-07-30,C0022,Samuel Ribeiro,samuel.ribeiro22@email.com,Uberlândia,MG,Sudeste,P017,Mesa Escritório,Móveis,Loja Física,Carla Mendes,2,899.90,0.20,540.00,Concluído,PIX,4
V000705,2025-10-27,C0363,Lucas Nascimento,lucas.nascimento72@email.com,Manaus,AM,Norte,P015,Aspirador Vertical,Eletroportáteis,WhatsApp,Bruno Rocha,1,749.90,0.00,420.00,Concluído,Cartão de Crédito,3
V000706,2025-07-26,C0225,Samuel Oliveira,samuel.oliveira31@email.com,Ananindeua,PA,Norte,P014,Air Fryer 5L,Eletroportáteis,Loja Física,Diego Alves,3,599.90,0.05,330.00,Concluído,PIX,4
V000707,2025-03-29,C0137,Felipe Lima,felipe.lima40@email.com,Brasília,DF,Centro-Oeste,P012,Soundbar 2.1,Eletrônicos,WhatsApp,Gustavo Nunes,2,899.90,0.00,530.00,Concluído,Cartão de Débito,5
V000708,2025-08-22,C0071,Samuel Santos,samuel.santos71@email.com,Manaus,AM,Norte,P014,Air Fryer 5L,Eletroportáteis,WhatsApp,Helena Prado,4,599.90,0.20,330.00,Cancelado,Boleto,
V000709,2025-01-31,C0227,Eduarda Gomes,eduarda.gomes33@email.com,Ananindeua,PA,Norte,P005,Teclado Mecânico,Periféricos,Loja Física,Bruno Rocha,1,349.90,0.00,195.00,Concluído,Cartão de Débito,3
V000710,2025-03-04,C0202,Camila Pereira,camila.pereira8@email.com,Londrina,PR,Sul,P002,Notebook Air 14,Informática,E-commerce,Ana Lima,5,3299.90,0.15,2480.00,Em transporte,Boleto,
V000711,2026-03-06,C0206,Lucas Pereira,lucas.pereira12@email.com,Londrina,PR,Sul,P018,Estante Modular,Móveis,Marketplace,Gustavo Nunes,4,649.90,0.00,380.00,Em transporte,Boleto,
V000712,2026-06-25,C0313,Nicolas Ribeiro,nicolas.ribeiro22@email.com,Brasília,DF,Centro-Oeste,P005,Teclado Mecânico,Periféricos,WhatsApp,Igor Martins,2,349.90,0.10,195.00,Cancelado,Cartão de Débito,
V000713,2025-12-20,C0416,Ana Costa,ana.costa28@email.com,Salvador,BA,Nordeste,P013,Cafeteira Premium,Eletroportáteis,E-commerce,Fernanda Souza,1,449.90,0.10,250.00,Concluído,PIX,5
V000714,2026-06-17,C0277,João Nascimento,joao.nascimento83@email.com,Caruaru,PE,Nordeste,P010,Smart TV 55,Eletrônicos,E-commerce,Bruno Rocha,1,2899.90,0.00,2070.00,Cancelado,PIX,
V000715,2025-06-13,C0012,Daniel Costa,daniel.costa12@email.com,Feira de Santana,BA,Nordeste,P001,Notebook Pro 15,Informática,Marketplace,Diego Alves,3,4599.90,0.00,3480.00,Devolvido,Cartão de Débito,
V000716,2026-06-02,C0057,Bruno Souza,bruno.souza57@email.com,Rio de Janeiro,RJ,Sudeste,P002,Notebook Air 14,Informática,Marketplace,Fernanda Souza,2,3299.90,0.00,2480.00,Concluído,Cartão de Crédito,1
V000717,2026-04-05,C0153,Henrique Santos,henrique.santos56@email.com,Juazeiro do Norte,CE,Nordeste,P001,Notebook Pro 15,Informática,WhatsApp,Gustavo Nunes,6,4599.90,0.20,3480.00,Devolvido,PIX,
V000718,2025-12-25,C0154,Olívia Gomes,olivia.gomes57@email.com,Juiz de Fora,MG,Sudeste,P010,Smart TV 55,Eletrônicos,E-commerce,Helena Prado,1,2899.90,0.00,2070.00,Concluído,PIX,4
V000719,2026-01-05,C0233,Eduarda Lima,eduarda.lima39@email.com,Juiz de Fora,MG,Sudeste,P004,Mouse Sem Fio,,E-commerce,Helena Prado,3,129.90,0.00,62.00,Concluído,Cartão de Débito,1
V000720,2025-05-14,C0244,Henrique Pereira,,Santos,SP,Sudeste,P007,Smartphone X,Telefonia,WhatsApp,Bruno Rocha,1,2799.90,0.10,2050.00,Concluído,Cartão de Débito,
V000721,2025-09-28,C0300,João Souza,joao.souza9@email.com,Brasília,DF,Centro-Oeste,P016,Cadeira Office,Móveis,WhatsApp,Igor Martins,2,1099.90,0.05,690.00,Devolvido,Cartão de Débito,
V000722,2025-06-16,C0074,Paulo Souza,paulo.souza74@email.com,Olinda,PE,Nordeste,P017,Mesa Escritório,Móveis,E-commerce,Igor Martins,2,899.90,0.00,540.00,Devolvido,Cartão de Crédito,
V000723,2025-08-06,C0234,Henrique Santos,henrique.santos40@email.com,Duque de Caxias,RJ,Sudeste,P016,Cadeira Office,Móveis,Loja Física,Carla Mendes,4,1099.90,0.00,690.00,Concluído,Cartão de Débito,
V000724,2025-04-23,C0062,Paulo Rodrigues,paulo.rodrigues62@email.com,Manaus,AM,Norte,P012,Soundbar 2.1,Eletrônicos,Marketplace,Ana Lima,1,899.90,0.00,"R$ 530,00",Concluído,Boleto,4
V000725,2025-11-07,C0151,Daniel Rodrigues,daniel.rodrigues54@email.com,Campinas,SP,Sudeste,P016,Cadeira Office,Móveis,Loja Física,Carla Mendes,1,1099.90,0.10,690.00,Concluído,Boleto,1
V000726,2025-10-18,C0111,Bruno Costa,bruno.costa14@email.com,Porto Alegre,RS,Sul,P006,Headset Gamer,Periféricos,WhatsApp,Ana Lima,1,289.90,0.00,158.00,Concluído,Cartão de Débito,1
V000727,2026-05-08,C0294,Eduarda Rodrigues,eduarda.rodrigues3@email.com,Campinas,SP,Sudeste,P010,Smart TV 55,Eletrônicos,WhatsApp,Gustavo Nunes,2,2899.90,0.05,2070.00,Em transporte,PIX,
V000728,2025-05-22,C0259,Felipe Lima,felipe.lima65@email.com,Joinville,SC,Sul,P015,Aspirador Vertical,Eletroportáteis,WhatsApp,Igor Martins,1,749.90,0.15,420.00,Concluído,Cartão de Débito,2
V000729,2026-02-01,C0120,Henrique Souza,henrique.souza23@email.com,Manaus,AM,Norte,P013,Cafeteira Premium,Eletroportáteis,Marketplace,Ana Lima,5,449.90,0.05,250.00,Devolvido,Boleto,
V000730,2025-04-01,C0444,João Rodrigues,joao.rodrigues56@email.com,Caxias do Sul,RS,Sul,P006,Headset Gamer,Periféricos,Loja Física,Fernanda Souza,2,289.90,0.00,158.00,Devolvido,Cartão de Crédito,
V000731,2025-07-17,C0317,João Silva,joao.silva26@email.com,Santarém,PA,Norte,P018,Estante Modular,Móveis,Loja Física,Diego Alves,2,649.90,0.10,380.00,Concluído,PIX,2
V000732,2025-01-20,C0141,Gabriela Nascimento,gabriela.nascimento44@email.com,Olinda,PE,Nordeste,P007,Smartphone X,Telefonia,E-commerce,Igor Martins,1,2799.90,0.10,2050.00,Cancelado,Boleto,
V000733,2026-02-16,C0302,Olívia Oliveira,olivia.oliveira11@email.com,Petrópolis,RJ,Sudeste,P002,Notebook Air 14,Informática,WhatsApp,Ana Lima,1,3299.90,0.00,2480.00,Concluído,Boleto,1
V000734,2026-01-27,C0132,Vinícius Costa,vinicius.costa35@email.com,Pelotas,RS,Sul,P003,Monitor 27 IPS,Informática,Loja Física,Bruno Rocha,1,1299.90,0.00,890.00,Concluído,Boleto,3
V000735,2025-04-02,C0079,Bruno Lima,bruno.lima79@email.com,Maringá,PR,Sul,P010,Smart TV 55,Eletrônicos,WhatsApp,Carla Mendes,1,2899.90,0.00,2070.00,Concluído,Cartão de Crédito,1
V000736,2025-11-02,C0200,Samuel Almeida,samuel.almeida6@email.com,Anápolis,GO,Centro-Oeste,P004,Mouse Sem Fio,Periféricos,Marketplace,Carla Mendes,1,129.90,0.00,62.00,Concluído,Cartão de Crédito,5
V000737,2025-02-23,C0104,Isabela Silva,isabela.silva7@email.com,Salvador,BA,Nordeste,P008,Smartphone Lite,Telefonia,E-commerce,Igor Martins,-1,1599.90,0.10,1160.00,Concluído,Boleto,2
V000738,2025-03-04,C0163,Eduarda Ribeiro,eduarda.ribeiro66@email.com,Belém,PA,Norte,P015,Aspirador Vertical,Eletroportáteis,WhatsApp,Bruno Rocha,1,749.90,0.05,420.00,Devolvido,PIX,
V000739,2025-01-20,C0138,Samuel Silva,samuel.silva41@email.com,Feira de Santana,BA,Nordeste,P018,Estante Modular,Móveis,Loja Física,Diego Alves,2,649.90,0.15,380.00,Em transporte,PIX,
V000740,2025-11-08,C0291,Eduarda Almeida,eduarda.almeida0@email.com,Salvador,BA,Nordeste,P014,Air Fryer 5L,Eletroportáteis,WhatsApp,Bruno Rocha,3,599.90,0.10,330.00,Concluído,Boleto,3
V000741,08/07/2026,C0087,Nicolas Gomes,nicolas.gomes87@email.com,Petrópolis,RJ,Sudeste,P008,Smartphone Lite,Telefonia,WhatsApp,Igor Martins,1,1599.90,0.20,1160.00,Concluído,Boleto,
V000742,2025-06-21,C0001,Daniel Silva,daniel.silva1@email.com,Brasília,DF,Centro-Oeste,P002,Notebook Air 14,Informática,WhatsApp,Fernanda Souza,2,3299.90,0.20,2480.00,Devolvido,Cartão de Débito,
V000743,2025-12-26,C0432,Renata Santos,renata.santos44@email.com,Caxias do Sul,RS,Sul,P007,Smartphone X,Telefonia,Marketplace,Ana Lima,1,2799.90,0.10,2050.00,Cancelado,Cartão de Crédito,
V000744,2025-11-04,C0046,Lucas Pereira,lucas.pereira46@email.com,Niterói,RJ,Sudeste,P013,Cafeteira Premium,Eletroportáteis,Loja Física,Carla Mendes,2,449.90,0.00,250.00,Concluído,Boleto,4
V000745,2025-12-17,C0326,Gabriela Oliveira,gabriela.oliveira35@email.com,Juiz de Fora,MG,Sudeste,P009,Tablet 10,Telefonia,WhatsApp,Fernanda Souza,1,1899.90,0.00,1370.00,Concluído,Cartão de Débito,4
V000746,2025-12-03,C0009,Felipe Ribeiro,felipe.ribeiro9@email.com,Manaus,AM,Norte,P005,Teclado Mecânico,Periféricos,Loja Física,Igor Martins,1,349.90,0.00,195.00,Devolvido,PIX,
V000747,2026-02-28,C0285,Olívia Nascimento,olivia.nascimento91@email.com,Contagem,MG,Sudeste,P016,Cadeira Office,Móveis,WhatsApp,Bruno Rocha,2,1099.90,0.15,690.00,Devolvido,Cartão de Crédito,
V000748,2026-07-06,C0016,Gabriela Ribeiro,gabriela.ribeiro16@email.com,Goiânia,GO,Centro-Oeste,P015,Aspirador Vertical,Eletroportáteis,Loja Física,Gustavo Nunes,5,749.90,0.05,420.00,Em transporte,Boleto,
V000749,2026-02-01,C0091,Camila Silva,camila.silva91@email.com,Manaus,AM,Norte,P001,Notebook Pro 15,Informática,Loja Física,Igor Martins,1,4599.90,0.00,3480.00,Concluído,PIX,1
V000750,2025-01-21,C0389,Nicolas Nascimento,nicolas.nascimento1@email.com,Manaus,AM,Norte,P009,Tablet 10,Telefonia,Marketplace,Diego Alves,1,1899.90,0.10,1370.00,Devolvido,Boleto,
V000751,2025-08-15,C0120,Henrique Souza,henrique.souza23@email.com,Manaus,AM,Norte,P016,Cadeira Office,moveis,Marketplace,Ana Lima,1,13198.80,0.15,690.00,Devolvido,PIX,
V000752,2025-01-08,C0101,Karen Souza,karen.souza4@email.com,Santarém,PA,Norte,P013,Cafeteira Premium,Eletroportáteis,Loja Física,Fernanda Souza,2,449.90,0.05,250.00,Concluído,PIX,5
V000753,2025-06-29,C0034,Eduarda Gomes,eduarda.gomes34@email.com,Niterói,RJ,Sudeste,P005,Teclado Mecânico,Periféricos,Loja Física,Carla Mendes,1,349.90,0.10,195.00,Em transporte,PIX,
V000754,2026-06-20,C0374,Olívia Souza,olivia.souza83@email.com,Feira de Santana,BA,Nordeste,P009,Tablet 10,Telefonia,E-commerce,Ana Lima,6,1899.90,0.15,1370.00,Devolvido,Boleto,
V000755,2026-07-28,C0233,Eduarda Lima,eduarda.lima39@email.com,Juiz de Fora,MG,Sudeste,P001,Notebook Pro 15,INFORMÁTICA,WhatsApp,Ana Lima,3,4599.90,0.00,3480.00,Concluído,Boleto,5
V000756,2025-05-05,C0349,Lucas Silva,lucas.silva58@email.com,Juazeiro do Norte,XX,Nordeste,P017,Mesa Escritório,Móveis,WhatsApp,Igor Martins,1,899.90,0.20,540.00,Concluído,Cartão de Crédito,4
V000757,2025-10-12,C0216,Karen Costa,karen.costa22@email.com,Sobral,CE,Nordeste,P018,Estante Modular,Móveis,WhatsApp,Gustavo Nunes,1,649.90,0.00,380.00,concluido,Cartão de Crédito,2
V000758,2025-08-20,C0354,Samuel Souza,samuel.souza63@email.com,Manaus,AM,Norte,P014,Air Fryer 5L,Eletroportáteis,Loja Física,Diego Alves,1,599.90,0.00,330.00,Concluído,Cartão de Crédito,2
V000759,2025-01-29,C0246,Isabela Gomes,isabela.gomes52@email.com,Maringá,PR,Sul,P014,Air Fryer 5L,Eletroportáteis,Loja Física,Gustavo Nunes,3,599.90,0.00,330.00,Concluído,PIX,5
V000760,2025-12-15,C0427,Paulo Almeida,paulo.almeida39@email.com,Contagem,MG,Sudeste,P002,Notebook Air 14,Informática,Marketplace,Diego Alves,4,3299.90,0.20,2480.00,Cancelado,Cartão de Débito,
V000761,2025-04-08,C0321,Gabriela Lima,gabriela.lima30@email.com,Londrina,PR,Sul,P015,Aspirador Vertical,Eletroportáteis,Loja Física,Bruno Rocha,5,749.90,0.00,420.00,Concluído,Cartão de Crédito,4
V000762,2025-05-11,C0032,Lucas Souza,lucas.souza32@email.com,Salvador,BA,Nordeste,P015,Aspirador Vertical,Eletroportáteis,Loja Física,Fernanda Souza,2,749.90,0.05,420.00,Concluído,Cartão de Crédito,2
V000763,2026-07-27,C0027,Gabriela Lima,gabriela.lima27@email.com,Petrópolis,RJ,Sudeste,P010,Smart TV 55,Eletrônicos,WhatsApp,Helena Prado,1,2899.90,0.20,2070.00,Concluído,Cartão de Crédito,4
V000764,2026-04-10,C0197,Lucas Gomes,lucas.gomes3@email.com,Feira de Santana,BA,Nordeste,P015,Aspirador Vertical,Eletroportáteis,WhatsApp,Bruno Rocha,1,749.90,0.15,"R$ 420,00",Em transporte,Cartão de Crédito,
V000765,2026-04-10,C0265,Karen Pereira,karen.pereira71@email.com,Petrópolis,RJ,Sudeste,P011,Smart TV 43,Eletrônicos,E-commerce,Bruno Rocha,1,1999.90,0.10,1420.00,Devolvido,Cartão de Crédito,
V000766,2025-07-18,C0294,Eduarda Rodrigues,eduarda.rodrigues3@email.com,Campinas,SP,Sudeste,P005,Teclado Mecânico,Periféricos,Marketplace,Gustavo Nunes,1,349.90,0.15,195.00,Cancelado,Cartão de Débito,
V000767,2025-07-10,C0125,Isabela Silva,isabela.silva28@email.com,Goiânia,GO,Centro-Oeste,P005,Teclado Mecânico,Periféricos,Loja Física,Ana Lima,1,349.90,0.10,195.00,Concluído,Boleto,5
V000768,2025-11-15,C0299,Camila Souza,,Aparecida de Goiânia,GO,Centro-Oeste,P018,Estante Modular,Móveis,E-commerce,Carla Mendes,1,649.90,0.10,380.00,Concluído,Boleto,4
V000769,2025-01-09,C0266,Mariana Nascimento,mariana.nascimento72@email.com,Rio de Janeiro,RJ,Sudeste,P005,Teclado Mecânico,Periféricos,Loja Física,Diego Alves,1,349.90,0.20,195.00,Cancelado,Cartão de Crédito,
V000770,2026-03-09,C0177,Mariana Costa,mariana.costa80@email.com,Florianópolis,SC,Sul,P007,Smartphone X,Telefonia,E-commerce,Diego Alves,2,2799.90,0.00,2050.00,Concluído,Cartão de Débito,5
V000771,2025-12-06,C0437,Olívia Lima,olivia.lima49@email.com,Campinas,SP,Sudeste,P011,Smart TV 43,Eletrônicos,Marketplace,Helena Prado,1,1999.90,0.00,1420.00,Concluído,Cartão de Débito,1
V000772,13-08-2025,C0002,Henrique Oliveira,henrique.oliveira2@email.com,Maringá,PR,Sul,P008,Smartphone Lite,telefonia,E-commerce,Igor Martins,2,1599.90,0.00,1160.00,Concluído,Cartão de Débito,4
V000773,2025-07-30,C0205,Karen Oliveira,karen.oliveira11@email.com,Olinda,PE,Nordeste,P006,Headset Gamer,Periféricos,Loja Física,Gustavo Nunes,1,289.90,0.00,158.00,Concluído,Cartão de Crédito,5
V000774,2025-05-26,C0149,Mariana Almeida,mariana.almeida52@email.com,Ananindeua,PA,Norte,P015,Aspirador Vertical,Eletroportáteis,E-commerce,Gustavo Nunes,1,749.90,0.00,"R$ 420,00",Concluído,Boleto,4
V000775,2025-06-28,C0113,Samuel Rodrigues,samuel.rodrigues16@email.com,Pelotas,RS,Sul,P009,Tablet 10,Telefonia,E-commerce,Gustavo Nunes,3,1899.90,0.00,1370.00,Concluído,Cartão de Crédito,4
V000776,2025-06-30,C0432,Renata Santos,renata.santos44@email.com,Caxias do Sul,RS,Sul,P009,Tablet 10,Telefonia,Loja Física,Ana Lima,3,1899.90,0.00,1370.00,Concluído,Boleto,2
V000777,2025-08-04,C0157,Olívia Pereira,olivia.pereira60@email.com,Recife,PE,Nordeste,P015,Aspirador Vertical,Eletroportáteis,E-commerce,Gustavo Nunes,3,749.90,0.15,420.00,Concluído,Cartão de Débito,5
V000778,2025-03-08,C0061,Talita Almeida,talita.almeida61@email.com,Goiânia,GO,Centro-Oeste,P005,Teclado Mecânico,,E-commerce,Diego Alves,1,349.90,5%,195.00,Devolvido,Boleto,
V000779,2025-11-22,C0307,Vinícius Rodrigues,vinicius.rodrigues16@email.com,Niterói,RJ,Sudeste,P014,Air Fryer 5L,,E-commerce,Ana Lima,2,"R$ 599,90",0.10,330.00,Concluído,Boleto,5
V000780,2025-06-02,C0168,Ana Costa,ana.costa71@email.com,Olinda,PE,Nordeste,P008,Smartphone Lite,Telefonia,Loja Física,Fernanda Souza,3,1599.90,0.20,1160.00,Cancelado,Cartão de Débito,
V000781,2025-08-03,C0373,Daniel Gomes,daniel.gomes82@email.com,Niterói,RJ,Sudeste,P003,Monitor 27 IPS,Informática,WhatsApp,Bruno Rocha,-3,1299.90,0.05,890.00,Em transporte,Boleto,
V000782,2026-05-26,C0266,Mariana Nascimento,mariana.nascimento72@email.com,Rio de Janeiro,RJ,Sudeste,P015,Aspirador Vertical,Eletroportáteis,E-commerce,Gustavo Nunes,2,749.90,0.10,420.00,Devolvido,Cartão de Débito,
V000783,2026-05-22,C0243,Vinícius Almeida,vinicius.almeida49@email.com,Ananindeua,PA,Norte,P009,Tablet 10,Telefonia,WhatsApp,Ana Lima,1,1899.90,0.00,1370.00,Concluído,Cartão de Débito,4
V000784,2025-08-12,C0157,Olívia Pereira,olivia.pereira60@email.com,Recife,PE,Nordeste,P014,Air Fryer 5L,Eletroportáteis,WhatsApp,Carla Mendes,4,599.90,0.00,330.00,Concluído,Cartão de Crédito,5
V000785,2025-05-18,C0385,Talita Nascimento,talita.nascimento94@email.com,Niterói,RJ,Sudeste,P003,Monitor 27 IPS,Informática,Marketplace,Igor Martins,1,1299.90,0.00,890.00,Cancelado,Cartão de Crédito,
V000786,2026-04-22,C0263,Paulo Pereira,,Vitória da Conquista,BA,Nordeste,P011,Smart TV 43,Eletrônicos,WhatsApp,Igor Martins,1,1999.90,0.05,1420.00,Concluído,Boleto,5
V000787,2025-10-07,C0196,Nicolas Almeida,nicolas.almeida2@email.com,São Paulo,SP,Sudeste,P001,Notebook Pro 15,Informática,E-commerce,Igor Martins,1,4599.90,0.15,3480.00,Concluído,Cartão de Crédito,4
V000788,2025-10-29,C0432,Renata Santos,renata.santos44@email.com,Caxias do Sul,RS,Sul,P017,Mesa Escritório,Móveis,Loja Física,Fernanda Souza,4,"R$ 899,90",0.00,540.00,Concluído,Boleto,2
V000789,2025-02-09,C0280,Gabriela Lima,gabriela.lima86@email.com,Vitória da Conquista,BA,Nordeste,P007,Smartphone X,Telefonia,Marketplace,Diego Alves,2,2799.90,0.00,2050.00,Concluído,PIX,4
V000790,2025-05-22,C0438,Vinícius Almeida,vinicius.almeida50@email.com,Pelotas,RS,Sul,P018,Estante Modular,Móveis,Marketplace,Ana Lima,2,649.90,0.00,380.00,Em transporte,Boleto,
V000791,2026-02-18,C0208,Ana Nascimento,ana.nascimento14@email.com,Fortaleza,CE,Nordeste,P001,Notebook Pro 15,Informática,WhatsApp,Carla Mendes,3,4599.90,0.00,3480.00,Concluído,Cartão de Débito,4
V000792,2025-08-28,C0265,Karen Pereira,karen.pereira71@email.com,Petrópolis,RJ,Sudeste,P018,Estante Modular,Móveis,WhatsApp,Igor Martins,1,"R$ 649,90",0.00,380.00,Concluído,Cartão de Débito,4
V000793,04-03-2026,C0108,Eduarda Nascimento,eduarda.nascimento11@email.com,Belém,PA,Norte,P015,Aspirador Vertical,Eletroportáteis,WhatsApp,Ana Lima,1,749.90,0.10,420.00,Em transporte,PIX,
V000794,2025-11-09,C0378,Paulo Santos,paulo.santos87@email.com,Brasília,DF,Centro-Oeste,P001,Notebook Pro 15,Informática,WhatsApp,Gustavo Nunes,1,4599.90,0.05,3480.00,Concluído,Boleto,5
V000795,2025-11-30,C0301,Daniel Gomes,,Vitória da Conquista,BA,,P001,Notebook Pro 15,Informática,e-commerce,Carla Mendes,1,4599.90,0.00,"R$ 3.480,00",Cancelado,Cartão de Débito,
V000796,2026-01-26,C0105,Eduarda Gomes,eduarda.gomes8@email.com,Caxias do Sul,RS,Sul,P013,Cafeteira Premium,Eletroportáteis,Loja Física,Helena Prado,1,449.90,0.00,250.00,Concluído,Cartão de Débito,
V000797,2025-11-08,C0048,Paulo Santos,paulo.santos48@email.com,Niterói,RJ,Sudeste,P006,Headset Gamer,Periféricos,Loja Física,Carla Mendes,1,289.90,0.15,158.00,Cancelado,Cartão de Débito,
V000798,2025-01-28,C0096,João Lima,joao.lima96@email.com,Sobral,CE,Nordeste,P007,Smartphone X,Telefonia,Loja Física,Helena Prado,1,2799.90,0.00,2050.00,Concluído,Cartão de Crédito,5
V000799,2026-04-11,C0030,Samuel Nascimento,samuel.nascimento30@email.com,Londrina,PR,Sul,P012,Soundbar 2.1,Eletrônicos,Loja Física,Carla Mendes,1,899.90,0.05,530.00,Concluído,Cartão de Crédito,3
V000800,2025-05-13,C0275,Camila Souza,camila.souza81@email.com,Salvador,BA,Nordeste,P014,Air Fryer 5L,Eletroportáteis,WhatsApp,Bruno Rocha,1,599.90,0.20,330.00,Concluído,PIX,3
V000801,2025-11-14,C0222,Renata Lima,renata.lima28@email.com,Anápolis,GO,Centro-Oeste,P016,Cadeira Office,Móveis,E-commerce,Fernanda Souza,2,1099.90,0.10,690.00,Devolvido,Cartão de Débito,
V000802,2025-10-10,C0104,Isabela Silva,isabela.silva7@email.com,Salvador,BA,Nordeste,P001,Notebook Pro 15,Informática,E-commerce,Igor Martins,1,4599.90,0.05,3480.00,Cancelado,PIX,
V000803,2026-06-23,C0169,Mariana Rodrigues,mariana.rodrigues72@email.com,Manaus,AM,Norte,P016,Cadeira Office,Móveis,WhatsApp,Igor Martins,2,1099.90,0.15,690.00,Concluído,Cartão de Débito,4
V000804,2025-12-22,C0359,Henrique Lima,henrique.lima68@email.com,Caxias do Sul,RS,Sul,P010,Smart TV 55,Eletrônicos,WhatsApp,Carla Mendes,1,2899.90,0.00,2070.00,Cancelado,Cartão de Débito,
V000805,2026-04-14,C0197,Lucas Gomes,lucas.gomes3@email.com,Feira de Santana,BA,Nordeste,P006,Headset Gamer,Periféricos,Loja Física,Helena Prado,2,289.90,0.00,158.00,Concluído,Boleto,3
V000806,05/07/2026,C0150,Eduarda Gomes,eduarda.gomes53@email.com,Maringá,PR,Sul,P003,Monitor 27 IPS,Informática,E-commerce,Igor Martins,1,1299.90,0.20,890.00,cancelado,Cartão de Crédito,
V000807,2026-01-13,C0040,Felipe Almeida,felipe.almeida40@email.com,Salvador,BA,Sudeste,P004,Mouse Sem Fio,Periféricos,Marketplace,Helena Prado,1,129.90,0.00,62.00,Concluído,Cartão de Crédito,5
V000808,2026-04-19,C0014,Samuel Santos,samuel.santos14@email.com,Olinda,PE,Nordeste,P003,Monitor 27 IPS,Informática,WhatsApp,Helena Prado,1,1299.90,0.05,890.00,Em transporte,PIX,
V000809,2026-02-11,C0020,Gabriela Gomes,gabriela.gomes20@email.com,Caxias do Sul,RS,Sul,P001,Notebook Pro 15,Informática,Marketplace,Bruno Rocha,2,4599.90,0.00,3480.00,Concluído,Cartão de Débito,5
V000810,2026-04-18,C0035,Nicolas Lima,nicolas.lima35@email.com,Manaus,AM,Norte,P003,Monitor 27 IPS,Informática,E-commerce,Igor Martins,1,1299.90,0.20,890.00,Concluído,PIX,3
V000811,2025-01-19,C0311,Samuel Oliveira,samuel.oliveira20@email.com,Brasília,DF,Centro-Oeste,P004,Mouse Sem Fio,Periféricos,E-commerce,Fernanda Souza,1,129.90,0.15,62.00,Concluído,Cartão de Crédito,3
V000812,2025-01-12,C0347,Olívia Almeida,olivia.almeida56@email.com,Curitiba,PR,Sul,P009,Tablet 10,Telefonia,E-commerce,Igor Martins,1,1899.90,0.00,1370.00,Devolvido,Cartão de Crédito,
V000813,2026-06-30,C0111,Bruno Costa,bruno.costa14@email.com,Porto Alegre,RS,Sul,P015,Aspirador Vertical,Eletroportáteis,Loja Física,Bruno Rocha,1,749.90,0.00,420.00,Concluído,Cartão de Crédito,1
V000814,2025-02-19,C0396,Karen Oliveira,karen.oliveira8@email.com,Olinda,PE,Nordeste,P013,Cafeteira Premium,Eletroportáteis,E-commerce,Diego Alves,1,449.90,0.00,250.00,Concluído,Cartão de Crédito,2
V000815,2026-03-08,C0015,Samuel Pereira,samuel.pereira15@email.com,Petrópolis,RJ,Sudeste,P001,Notebook Pro 15,Informática,Marketplace,Diego Alves,2,4599.90,0.00,3480.00,Concluído,PIX,2
V000816,2025-06-21,C0023,Olívia Rodrigues,olivia.rodrigues23@email.com,Juiz de Fora,MG,Sudeste,P014,Air Fryer 5L,Eletroportáteis,Loja Física,Gustavo Nunes,1,599.90,0.15,330.00,Concluído,PIX,
V000817,2026-07-09,C0203,Olívia Lima,olivia.lima9@email.com,Maringá,PR,Sul,P014,Air Fryer 5L,Eletroportáteis,Loja Física,Diego Alves,1,599.90,0.00,330.00,Concluído,Cartão de Crédito,3
V000818,2026-02-16,C0335,Lucas Santos,lucas.santos44@email.com,Brasília,DF,Centro-Oeste,P011,Smart TV 43,Eletrônicos,Loja Física,Helena Prado,1,1999.90,0.00,1420.00,Concluído,Boleto,4
V000819,2025-02-14,C0035,Nicolas Lima,nicolas.lima35@email.com,Manaus,AM,Norte,P007,Smartphone X,Telefonia,WhatsApp,Fernanda Souza,2,2799.90,0.05,2050.00,Concluído,PIX,5
V000820,2025-09-15,C0049,Paulo Nascimento,paulo.nascimento49@email.com,Uberlândia,MG,Sudeste,P011,Smart TV 43,Eletrônicos,WhatsApp,Carla Mendes,1,1999.90,0.15,1420.00,Em transporte,Boleto,
V000821,2026-05-09,C0035,Nicolas Lima,nicolas.lima35@email.com,Manaus,AM,Norte,P011,Smart TV 43,Eletrônicos,Loja Física,Igor Martins,1,1999.90,0.15,1420.00,Devolvido,PIX,
V000822,2026-05-31,C0301,Daniel Gomes,daniel.gomes10@email.com,Vitória da Conquista,BA,Nordeste,P001,Notebook Pro 15,Informática,E-commerce,Ana Lima,2,4599.90,0.00,3480.00,Concluído,Cartão de Débito,4
V000823,2025-09-07,C0318,Isabela Silva,isabela.silva27@email.com,Vitória da Conquista,BA,Nordeste,P003,Monitor 27 IPS,Informática,Loja Física,Carla Mendes,1,1299.90,0.00,890.00,Concluído,Cartão de Débito,3
V000824,2025-07-29,C0329,Daniel Almeida,daniel.almeida38@email.com,Porto Alegre,RS,Sul,P002,Notebook Air 14,Informática,E-commerce,Igor Martins,2,3299.90,0.00,2480.00,Concluído,Boleto,4
V000825,2025-02-10,C0267,Samuel Almeida,samuel.almeida73@email.com,Brasília,DF,Centro-Oeste,P014,Air Fryer 5L,Eletroportáteis,Marketplace,Ana Lima,1,599.90,0.15,330.00,Concluído,PIX,4
V000826,2025-07-30,C0277,João Nascimento,,Caruaru,PE,Nordeste,P002,Notebook Air 14,Informática,E-commerce,Diego Alves,2,3299.90,0.05,2480.00,Cancelado,Boleto,
V000827,2025-07-07,C0227,Eduarda Gomes,eduarda.gomes33@email.com,Ananindeua,PA,Norte,P001,Notebook Pro 15,Informática,Loja Física,Igor Martins,1,4599.90,0.00,3480.00,Concluído,PIX,3
V000828,2025-05-09,C0047,Henrique Lima,henrique.lima47@email.com,São Paulo,SP,Sudeste,P006,Headset Gamer,Periféricos,E-commerce,Diego Alves,1,289.90,0.05,"R$ 158,00",Devolvido,Cartão de Débito,
V000829,2025-11-15,C0085,Daniel Lima,daniel.lima85@email.com,Salvador,BA,Nordeste,P007,Smartphone X,Telefonia,E-commerce,Helena Prado,1,2799.90,0.00,2050.00,Concluído,Cartão de Débito,4
V000830,2025-07-26,C0140,Karen Almeida,karen.almeida43@email.com,Anápolis,GO,Centro-Oeste,P016,Cadeira Office,Móveis,Loja Física,Gustavo Nunes,1,1099.90,10%,690.00,Concluído,Cartão de Débito,5
V000831,2026-06-02,C0313,Nicolas Ribeiro,nicolas.ribeiro22@email.com,Brasília,DF,Centro-Oeste,P014,Air Fryer 5L,Eletroportáteis,E-commerce,Igor Martins,1,599.90,0.05,330.00,Concluído,Boleto,2
V000832,2026-07-05,C0079,Bruno Lima,bruno.lima79@email.com,Maringá,PR,Sul,P018,Estante Modular,Móveis,E-commerce,Fernanda Souza,1,649.90,0.00,380.00,Concluído,Cartão de Débito,4
V000833,2026-07-30,C0311,Samuel Oliveira,samuel.oliveira20@email.com,Brasília,DF,Centro-Oeste,P016,Cadeira Office,Móveis,Loja Física,Gustavo Nunes,1,"R$ 1.099,90",0.05,690.00,Concluído,PIX,3
V000834,2025-01-05,C0007,Samuel Rodrigues,samuel.rodrigues7@email.com,Belém,PA,Norte,P017,Mesa Escritório,Móveis,Marketplace,Igor Martins,1,899.90,0.05,540.00,Concluído,Cartão de Débito,4
V000835,2026-05-17,C0158,Isabela Nascimento,isabela.nascimento61@email.com,Brasília,DF,Centro-Oeste,P003,Monitor 27 IPS,Informática,WhatsApp,Ana Lima,6,1299.90,0.00,890.00,Concluído,PIX,
V000836,2025-07-18,C0391,João Costa,joao.costa3@email.com,Joinville,SC,Sul,P014,Air Fryer 5L,Eletroportáteis,Marketplace,Gustavo Nunes,1,599.90,0.05,330.00,Devolvido,Boleto,
V000837,2025-03-01,C0334,Isabela Lima,isabela.lima43@email.com,Brasília,DF,Centro-Oeste,P013,Cafeteira Premium,Eletroportáteis,WhatsApp,Diego Alves,1,"R$ 449,90",0.00,250.00,Em transporte,Boleto,
V000838,2025-01-29,C0358,Ana Oliveira,ana.oliveira67@email.com,Brasília,DF,Centro-Oeste,P005,Teclado Mecânico,Periféricos,Marketplace,Igor Martins,4,349.90,0.00,195.00,Concluído,PIX,4
V000839,2025-01-13,C0060,SAMUEL OLIVEIRA,samuel.oliveira60@email.com,Maringá,PR,Sul,P003,Monitor 27 IPS,Informática,WhatsApp,Helena Prado,2,1299.90,0.00,890.00,Cancelado,PIX,
V000840,2026-03-10,C0085,Daniel Lima,daniel.lima85@email.com,Salvador,BA,Nordeste,P014,Air Fryer 5L,Eletroportáteis,Marketplace,Fernanda Souza,1,599.90,0.10,330.00,Devolvido,Cartão de Débito,
V000841,2025-11-12,C0376,Daniel Costa,daniel.costa85@email.com,Ananindeua,PA,Norte,P014,Air Fryer 5L,Eletroportáteis,Loja Física,,2,599.90,0.20,330.00,Em transporte,Boleto,
V000842,2025-05-27,C0138,Samuel Silva,samuel.silva41@email.com,Feira de Santana,BA,Nordeste,P007,Smartphone X,Telefonia,WhatsApp,Fernanda Souza,1,2799.90,0.00,2050.00,Em transporte,Cartão de Débito,
V000843,2025-01-02,C0050,Renata Lima,renata.lima50@email.com,Joinville,SC,Sul,P003,Monitor 27 IPS,Informática,WhatsApp,Helena Prado,2,1299.90,0.15,890.00,Concluído,cartao de credito,3
V000844,2026-01-19,C0096,João Lima,joao.lima96@email.com,Sobral,CE,Nordeste,P005,Teclado Mecânico,Periféricos,E-commerce,Igor Martins,1,349.90,0.00,195.00,Concluído,PIX,
V000845,2025-07-10,C0103,Bruno Santos,bruno.santos6@email.com,Blumenau,SC,Sul,P002,Notebook Air 14,Informática,E-commerce,Diego Alves,1,3299.90,0.20,2480.00,Concluído,Cartão de Crédito,5
V000846,2025-06-20,C0041,Isabela Nascimento,isabela.nascimento41@email.com,Belém,PA,Norte,P010,Smart TV 55,Eletrônicos,Loja Física,Helena Prado,1,2899.90,0.00,2070.00,Concluído,PIX,1
V000847,2026-05-05,C0249,Eduarda Santos,eduarda.santos55@email.com,Florianópolis,SC,Sul,P004,Mouse Sem Fio,Periféricos,market place,Ana Lima,1,129.90,0.00,62.00,Devolvido,Cartão de Crédito,
V000848,2025-04-10,C0109,Talita Nascimento,talita.nascimento12@email.com,Porto Alegre,RS,Sul,P017,Mesa Escritório,Móveis,Loja Física,Helena Prado,2,899.90,0.20,540.00,Concluído,Cartão de Débito,5
V000849,2025-12-12,C0310,Ana Almeida,ana.almeida19@email.com,Brasília,DF,Centro-Oeste,P014,Air Fryer 5L,Eletroportáteis,Marketplace,Gustavo Nunes,2,599.90,0.00,330.00,Concluído,Boleto,4
V000850,2026-02-13,C0194,Nicolas Gomes,nicolas.gomes0@email.com,Juazeiro do Norte,CE,Nordeste,P002,Notebook Air 14,Informática,Marketplace,Gustavo Nunes,3,3299.90,0.00,2480.00,Concluído,PIX,5
V000851,2025-01-27,C0309,Isabela Almeida,isabela.almeida18@email.com,Olinda,PE,Nordeste,P004,Mouse Sem Fio,Periféricos,Marketplace,Diego Alves,1,129.90,0.10,62.00,Devolvido,Cartão de Débito,
V000852,2026-06-12,C0212,João Souza,joao.souza18@email.com,Duque de Caxias,RJ,Sudeste,P007,Smartphone X,Telefonia,Loja Física,Gustavo Nunes,1,2799.90,0.00,2050.00,Em transporte,Cartão de Crédito,
V000853,2025-11-30,C0348,Daniel Gomes,daniel.gomes57@email.com,Caxias do Sul,RS,Sul,P015,Aspirador Vertical,Eletroportáteis,E-commerce,Igor Martins,1,749.90,0.10,420.00,Em transporte,Cartão de Crédito,
V000854,2025-12-23,C0220,Felipe Souza,felipe.souza26@email.com,Manaus,AM,Norte,P016,Cadeira Office,Móveis,Loja Física,Helena Prado,1,1099.90,0.00,690.00,Devolvido,PIX,
V000855,2026-06-17,C0449,Eduarda Costa,eduarda.costa61@email.com,Goiânia,GO,Centro-Oeste,P017,Mesa Escritório,Móveis,Loja Física,Carla Mendes,1,899.90,0.00,540.00,EM TRANSPORTE,Cartão de Débito,5
V000856,2025-06-22,C0229,Paulo Almeida,paulo.almeida35@email.com,Olinda,PE,Nordeste,P004,Mouse Sem Fio,Periféricos,WhatsApp,Diego Alves,1,129.90,0.00,62.00,Em transporte,Cartão de Crédito,
V000857,2025-04-19,C0223,Gabriela Pereira,gabriela.pereira29@email.com,Niterói,RJ,Sudeste,P001,Notebook Pro 15,Informática,E-commerce,Gustavo Nunes,4,4599.90,0.20,3480.00,Concluído,Boleto,4
V000858,2026-05-03,C0344,Eduarda Rodrigues,eduarda.rodrigues53@email.com,Santarém,PA,Norte,P004,Mouse Sem Fio,perifericos,E-commerce,Equipe Digital,2,129.90,0.05,62.00,Concluído,PIX,4
V000859,2025-03-08,C0330,Henrique Gomes,henrique.gomes39@email.com,Contagem,MG,Sudeste,P011,Smart TV 43,Eletrônicos,WhatsApp,Helena Prado,2,1999.90,0.20,1420.00,Cancelado,Cartão de Débito,
V000860,2025-08-27,C0115,Felipe Rodrigues,felipe.rodrigues18@email.com,Manaus,AM,Norte,P009,Tablet 10,Telefonia,Loja Física,Fernanda Souza,1,1899.90,0.00,1370.00,Concluído,PIX,
V000861,2025-04-29,C0294,Eduarda Rodrigues,eduarda.rodrigues3@email.com,Campinas,SP,Sudeste,P012,Soundbar 2.1,Eletrônicos,E-commerce,Gustavo Nunes,5,899.90,0.10,530.00,Devolvido,Cartão de Crédito,
V000862,15/11/2025,C0032,Lucas Souza,lucas.souza32@email.com,Salvador,BA,Nordeste,P018,Estante Modular,Móveis,E-commerce,Helena Prado,5,649.90,0.00,380.00,Em transporte,Boleto,
V000863,2025-05-10,C0267,Samuel Almeida,samuel.almeida73@email.com,Brasília,DF,Centro-Oeste,P008,Smartphone Lite,Telefonia,Loja Física,Helena Prado,1,1599.90,0.20,1160.00,Concluído,PIX,4
V000864,2025-10-31,C0429,Karen Oliveira,karen.oliveira41@email.com,Brasília,DF,Centro-Oeste,P008,Smartphone Lite,Telefonia,WhatsApp,Igor Martins,1,1599.90,0.00,1160.00,Concluído,Boleto,1
V000865,2025-11-13,C0258,Felipe Almeida,felipe.almeida64@email.com,Manaus,AM,Norte,P004,Mouse Sem Fio,perifericos,Marketplace,Igor Martins,2,129.90,0.00,62.00,Concluído,Cartão de Débito,4
V000866,2025-03-02,C0415,Nicolas Pereira,,Salvador,BA,Nordeste,P011,Smart TV 43,Eletrônicos,E-commerce,Diego Alves,3,1999.90,0.20,1420.00,Concluído,PIX,1
V000867,2026-05-15,C0373,Daniel Gomes,daniel.gomes82@email.com,NITERÓI,RJ,Sudeste,P013,Cafeteira Premium,Eletroportáteis,Marketplace,Carla Mendes,6,449.90,0.10,250.00,Concluído,Cartão de Débito,4
V000868,2026-04-30,C0179,Nicolas Pereira,nicolas.pereira82@email.com,Florianópolis,SC,Sul,P013,Cafeteira Premium,Eletroportáteis,WhatsApp,Bruno Rocha,1,449.90,0.00,250.00,Concluído,Cartão de Débito,4
V000869,2025-04-10,C0068,Gabriela Nascimento,gabriela.nascimento68@email.com,Londrina,PR,Sul,P011,Smart TV 43,Eletrônicos,Loja Física,Fernanda Souza,1,1999.90,0.00,1420.00,Cancelado,cartao de credito,
V000870,2026-03-29,C0357,Isabela Oliveira,isabela.oliveira66@email.com,Fortaleza,CE,Nordeste,P016,Cadeira Office,Móveis,Marketplace,Carla Mendes,1,1099.90,0.20,690.00,Devolvido,PIX,
V000871,2025-01-10,C0186,Isabela Costa,isabela.costa89@email.com,Belém,PA,Norte,P004,Mouse Sem Fio,Periféricos,E-commerce,Helena Prado,5,129.90,0.05,62.00,Devolvido,PIX,
V000872,2025-02-27,C0050,Renata Lima,renata.lima50@email.com,Joinville,SC,Sul,P012,Soundbar 2.1,Eletrônicos,WhatsApp,Carla Mendes,4,899.90,0.00,530.00,Cancelado,Boleto,
V000873,2026-03-21,C0077,Samuel Gomes,samuel.gomes77@email.com,Vitória da Conquista,BA,Nordeste,P013,Cafeteira Premium,Eletroportáteis,E-commerce,Ana Lima,1,449.90,0.05,250.00,Concluído,PIX,4
V000874,2026-01-20,C0398,Bruno Oliveira,bruno.oliveira10@email.com,Niterói,RJ,Sudeste,P003,Monitor 27 IPS,Informática,WhatsApp,Helena Prado,1,1299.90,0.15,890.00,Concluído,Cartão de Crédito,
V000875,2025-05-03,C0060,Samuel Oliveira,samuel.oliveira60@email.com,Maringá,PR,Sul,P003,Monitor 27 IPS,Informática,Loja Física,Igor Martins,2,1299.90,0.10,890.00,Concluído,Cartão de Débito,1
V000876,08-10-2025,C0356,Isabela Oliveira,isabela.oliveira65@email.com,Campinas,SP,Sudeste,P004,Mouse Sem Fio,Periféricos,E-commerce,Helena Prado,1,129.90,0.15,62.00,Devolvido,Cartão de Débito,
V000877,2025-11-02,C0293,Olívia Santos,olivia.santos2@email.com,Duque de Caxias,RJ,Sudeste,P005,Teclado Mecânico,Periféricos,Loja Física,Gustavo Nunes,1,349.90,0.20,195.00,Em transporte,PIX,
V000878,2026-02-20,C0417,Vinícius Almeida,,Manaus,AM,Norte,P001,Notebook Pro 15,Informática,WhatsApp,Igor Martins,1,4599.90,0.20,3480.00,Cancelado,Cartão de Crédito,
V000879,2025-08-01,C0338,Olívia Ribeiro,olivia.ribeiro47@email.com,Petrópolis,RJ,Sudeste,P004,Mouse Sem Fio,Periféricos,E-commerce,Carla Mendes,1,129.90,0.05,62.00,Em transporte,Boleto,
V000880,2025-05-06,C0021,Camila Lima,camila.lima21@email.com,Santarém,PA,Norte,P005,Teclado Mecânico,Periféricos,E-commerce,Carla Mendes,1,349.90,0.00,195.00,Em transporte,Cartão de Crédito,
V000881,2025-03-28,C0064,Nicolas Rodrigues,nicolas.rodrigues64@email.com,Caxias do Sul,RS,Sul,P017,Mesa Escritório,moveis,Marketplace,Gustavo Nunes,5,899.90,0.00,540.00,Concluído,PIX,1
V000882,2025-11-04,C0024,Samuel Souza,samuel.souza24@email.com,Brasília,DF,Centro-Oeste,P017,Mesa Escritório,Móveis,Marketplace,Igor Martins,1,899.90,0.05,540.00,Devolvido,Boleto,
V000883,2026-06-20,C0181,Lucas Souza,lucas.souza84@email.com,São Paulo,SP,Sudeste,P018,Estante Modular,Móveis,E-commerce,Bruno Rocha,2,649.90,0.00,380.00,Concluído,PIX,1
V000884,2025-05-26,C0154,Olívia Gomes,olivia.gomes57@email.com,Juiz de Fora,MG,Sudeste,P007,Smartphone X,Telefonia,E-commerce,Equipe Digital,1,2799.90,0.00,2050.00,Concluído,Cartão de Débito,3
V000885,2025-03-18,C0282,Nicolas Costa,nicolas.costa88@email.com,Manaus,AM,Norte,P009,Tablet 10,Telefonia,Marketplace,Helena Prado,2,1899.90,0.00,1370.00,Concluído,Cartão de Crédito,5
V000886,2025-09-18,C0347,Olívia Almeida,olivia.almeida56@email.com,Curitiba,PR,Sul,P014,Air Fryer 5L,Eletroportáteis,E-commerce,Equipe Digital,1,599.90,0.15,330.00,Devolvido,Boleto,
V000887,2025-07-17,C0366,Ana Silva,ana.silva75@email.com,Brasília,DF,Centro-Oeste,P012,Soundbar 2.1,Eletrônicos,E-commerce,Helena Prado,3,899.90,0.00,530.00,Em transporte,Cartão de Débito,
V000888,2026-01-24,C0014,Samuel Santos,samuel.santos14@email.com,Olinda,PE,Nordeste,P008,Smartphone Lite,Telefonia,Loja Física,Fernanda Souza,1,1599.90,0.00,1160.00,Devolvido,Cartão de Débito,
V000889,2025-03-09,C0169,Mariana Rodrigues,mariana.rodrigues72@email.com,Manaus,AM,Norte,P003,Monitor 27 IPS,Informática,Marketplace,Gustavo Nunes,2,1299.90,0.00,890.00,Em transporte,PIX,
V000890,2025-10-08,C0006,Gabriela Ribeiro,gabriela.ribeiro6@email.com,Sobral,CE,Nordeste,P004,Mouse Sem Fio,Periféricos,WhatsApp,Diego Alves,1,129.90,0.00,62.00,Em transporte,Cartão de Crédito,
V000891,2025-06-29,C0270,Bruno Souza,bruno.souza76@email.com,Manaus,AM,Norte,P010,Smart TV 55,Eletrônicos,WhatsApp,Bruno Rocha,1,2899.90,0.15,2070.00,Cancelado,Boleto,
V000892,2026-07-19,C0139,Gabriela Rodrigues,gabriela.rodrigues42@email.com,Blumenau,SC,Sul,P004,Mouse Sem Fio,Periféricos,Loja Física,Carla Mendes,1,"R$ 129,90",0.20,62.00,Concluído,Boleto,3
V000893,2026-06-29,C0283,JOÃO RIBEIRO,joao.ribeiro89@email.com,Santos,SP,Sudeste,P013,Cafeteira Premium,Eletroportáteis,WhatsApp,Carla Mendes,1,449.90,0.15,250.00,Cancelado,PIX,
V000894,2025-05-10,C0074,Paulo Souza,paulo.souza74@email.com,Olinda,PE,Nordeste,P013,Cafeteira Premium,ELETROPORTÁTEIS,Marketplace,Ana Lima,4,449.90,0.15,250.00,Concluído,Cartão de Débito,4
V000895,2026-04-14,C0094,Lucas Santos,lucas.santos94@email.com,Uberlândia,MG,Sudeste,P015,Aspirador Vertical,Eletroportáteis,Marketplace,Igor Martins,1,"R$ 749,90",0.00,420.00,Concluído,PIX,5
V000896,09/11/2025,C0326,Gabriela Oliveira,gabriela.oliveira35@email.com,Juiz de Fora,MG,Sudeste,P003,Monitor 27 IPS,Informática,Marketplace,Helena Prado,40,1299.90,0.20,890.00,Concluído,Cartão de Crédito,2
V000897,2025-09-03,C0048,Paulo Santos,paulo.santos48@email.com,Niterói,RJ,Sudeste,P006,Headset Gamer,Periféricos,Loja Física,Bruno Rocha,2,289.90,0.10,158.00,Concluído,Cartão de Débito,1
V000898,2026-06-05,C0375,Olívia Rodrigues,olivia.rodrigues84@email.com,Caxias do Sul,RS,Sul,P005,Teclado Mecânico,perifericos,WhatsApp,Igor Martins,1,349.90,0.15,195.00,Cancelado,Cartão de Crédito,
V000899,2026-02-20,C0008,Talita Pereira,talita.pereira8@email.com,Recife,PE,Nordeste,P007,Smartphone X,Telefonia,Loja Física,Helena Prado,2,2799.90,0.15,2050.00,Concluído,Cartão de Crédito,4
V000900,2026-04-05,C0087,Nicolas Gomes,nicolas.gomes87@email.com,Petrópolis,RJ,Sudeste,P017,Mesa Escritório,Móveis,E-commerce,Carla Mendes,1,899.90,0.20,540.00,Concluído,Boleto,5
V000901,2025-02-22,C0217,Isabela Pereira,isabela.pereira23@email.com,Olinda,PE,Nordeste,P016,Cadeira Office,Móveis,WhatsApp,Carla Mendes,1,1099.90,0.00,690.00,Concluído,Cartão de Crédito,4
V000902,2025-10-25,C0154,Olívia Gomes,olivia.gomes57@email.com,Juiz de Fora,MG,Sudeste,P016,Cadeira Office,Móveis,Marketplace,Fernanda Souza,1,1099.90,0.15,690.00,Devolvido,Cartão de Débito,
V000903,2025-08-11,C0157,Olívia Pereira,olivia.pereira60@email.com,Recife,PE,Nordeste,P017,Mesa Escritório,Móveis,Loja Física,Igor Martins,4,899.90,0.20,540.00,Concluído,Boleto,1
V000904,2025-01-07,C0316,Lucas Lima,lucas.lima25@email.com,Anápolis,GO,Centro-Oeste,P015,Aspirador Vertical,Eletroportáteis,Marketplace,Fernanda Souza,1,749.90,0.00,420.00,Concluído,Cartão de Débito,3
V000905,2025-12-30,C0005,Renata Lima,renata.lima5@email.com,Curitiba,PR,Sul,P004,Mouse Sem Fio,Periféricos,WhatsApp,Igor Martins,1,129.90,0.10,62.00,Cancelado,PIX,
V000906,2026-02-25,C0064,Nicolas Rodrigues,nicolas.rodrigues64@email.com,Caxias do Sul,RS,Sul,P016,Cadeira Office,Móveis,Loja Física,Carla Mendes,2,1099.90,0.00,"R$ 690,00",Concluído,Cartão de Débito,5
V000907,2026-01-19,C0154,Olívia Gomes,olivia.gomes57@email.com,Juiz de Fora,MG,Sudeste,P012,Soundbar 2.1,Eletrônicos,WhatsApp,Carla Mendes,1,"R$ 899,90",0.00,530.00,Concluído,Cartão de Débito,5
V000908,2025-06-15,C0072,Samuel Silva,samuel.silva72@email.com,Brasília,DF,Centro-Oeste,P012,Soundbar 2.1,Eletrônicos,WhatsApp,Ana Lima,1,899.90,0.20,530.00,Devolvido,PIX,
V000909,2025-04-24,C0098,Daniel Oliveira,daniel.oliveira1@email.com,Joinville,SC,Sul,P010,Smart TV 55,Eletrônicos,Loja Física,Carla Mendes,1,2899.90,0.15,2070.00,Concluído,PIX,1
V000910,2025-07-23,C0246,Isabela Gomes,isabela.gomes52@email.com,Maringá,PR,Sul,P009,Tablet 10,Telefonia,Loja Física,Helena Prado,1,"R$ 1.899,90",0.05,1370.00,Em transporte,PIX,
V000911,2025-11-29,C0385,Talita Nascimento,talita.nascimento94@email.com,Niterói,RJ,,P013,Cafeteira Premium,Eletroportáteis,WhatsApp,Carla Mendes,1,449.90,0.00,250.00,Em transporte,Cartão de Crédito,
V000912,2025-05-10,C0080,Bruno Ribeiro,bruno.ribeiro80@email.com,Juazeiro do Norte,CE,Nordeste,P012,Soundbar 2.1,Eletrônicos,Loja Física,Diego Alves,1,899.90,0.20,530.00,Concluído,Cartão de Crédito,5
V000913,2026-03-21,C0246,Isabela Gomes,isabela.gomes52@email.com,Maringá,PR,Sul,P010,Smart TV 55,Eletrônicos,Marketplace,Igor Martins,1,2899.90,0.05,2070.00,Concluído,PIX,
V000914,2026-06-08,C0096,João Lima,joao.lima96@email.com,Sobral,CE,Nordeste,P008,Smartphone Lite,Telefonia,Marketplace,Bruno Rocha,3,"R$ 1.599,90",0.15,1160.00,Concluído,PIX,5
V000915,2026-05-01,C0362,Camila Almeida,camila.almeida71@email.com,Ananindeua,PA,Norte,P004,Mouse Sem Fio,Periféricos,E-commerce,Diego Alves,6,129.90,0.10,62.00,Devolvido,PIX,
V000916,2025-08-23,C0062,Paulo Rodrigues,paulo.rodrigues62@email.com,Manaus,AM,Norte,P005,Teclado Mecânico,Periféricos,WhatsApp,Ana Lima,1,349.90,0.00,195.00,Concluído,Cartão de Crédito,5
V000917,2025-07-24,C0047,Henrique Lima,henrique.lima47@email.com,São Paulo,SP,Sudeste,P002,Notebook Air 14,Informática,WhatsApp,Helena Prado,1,3299.90,0.15,2480.00,Devolvido,PIX,
V000918,2025-08-16,C0173,Eduarda Lima,eduarda.lima76@email.com,Caruaru,PE,Nordeste,P014,Air Fryer 5L,Eletroportáteis,WhatsApp,Ana Lima,1,599.90,0.15,330.00,Concluído,Cartão de Crédito,4
V000919,2025-10-03,C0187,Vinícius Ribeiro,vinicius.ribeiro90@email.com,Aparecida de Goiânia,GO,Centro-Oeste,P009,Tablet 10,Telefonia,Marketplace,Helena Prado,1,1899.90,0.00,1370.00,Concluído,Cartão de Crédito,1
V000920,2025-02-23,C0339,Nicolas Santos,nicolas.santos48@email.com,Brasília,DF,Centro-Oeste,P011,Smart TV 43,Eletrônicos,E-commerce,Fernanda Souza,1,1999.90,0.10,1420.00,Concluído,PIX,5
V000921,2025-09-16,C0252,Mariana Pereira,mariana.pereira58@email.com,Blumenau,SC,Sul,P012,Soundbar 2.1,Eletrônicos,Marketplace,Fernanda Souza,1,899.90,0.15,530.00,Concluído,PIX,5
V000922,2025-12-06,C0185,Talita Souza,talita.souza88@email.com,Duque de Caxias,RJ,Sudeste,P012,Soundbar 2.1,Eletrônicos,Marketplace,Diego Alves,2,899.90,0.00,530.00,Cancelado,Cartão de Débito,
V000923,2025-03-31,C0055,Ana Lima,ana.lima55@email.com,Pelotas,RS,Sul,P005,Teclado Mecânico,Periféricos,Loja Física,Ana Lima,2,349.90,0.15,195.00,Em transporte,PIX,
V000924,2025-07-17,C0361,Nicolas Nascimento,nicolas.nascimento70@email.com,Belo Horizonte,MG,Sudeste,P015,Aspirador Vertical,Eletroportáteis,Loja Física,Bruno Rocha,4,749.90,0.10,420.00,Concluído,Cartão de Débito,4
V000925,2025-07-26,C0274,Samuel Silva,samuel.silva80@email.com,Blumenau,SC,Sul,P005,Teclado Mecânico,Periféricos,Loja Física,,1,349.90,0.10,195.00,Devolvido,Boleto,
V000926,2026-07-28,C0178,Karen Costa,karen.costa81@email.com,Olinda,PE,Nordeste,P012,Soundbar 2.1,Eletrônicos,WhatsApp,Bruno Rocha,4,899.90,0.00,530.00,Concluído,Cartão de Crédito,
V000927,2025-06-20,C0307,Vinícius Rodrigues,vinicius.rodrigues16@email.com,Niterói,RJ,Sudeste,P009,Tablet 10,Telefonia,E-commerce,Fernanda Souza,1,1899.90,-0.10,1370.00,Concluído,Cartão de Débito,4
V000928,2026-05-22,C0351,GABRIELA GOMES,gabriela.gomes60@email.com,Rio de Janeiro,RJ,Sudeste,P018,Estante Modular,Móveis,Loja Física,Carla Mendes,1,649.90,0.10,380.00,Concluído,Cartão de Débito,5
V000929,2026-02-15,C0311,Samuel Oliveira,samuel.oliveira20@email.com,Brasília,DF,Centro-Oeste,P009,Tablet 10,Telefonia,E-commerce,Carla Mendes,1,1899.90,0.10,1370.00,Concluído,Cartão de Crédito,
V000930,2026-06-10,C0234,Henrique Santos,henrique.santos40@email.com,Duque de Caxias,RJ,Sudeste,P017,Mesa Escritório,Móveis,Marketplace,Fernanda Souza,3,899.90,0.00,540.00,Devolvido,Boleto,
V000931,2026-07-20,C0061,Talita Almeida,talita.almeida61@email.com,Goiânia,GO,Centro-Oeste,P006,Headset Gamer,Periféricos,E-commerce,Ana Lima,1,289.90,0.00,158.00,Concluído,Boleto,3
V000932,17-05-2025,C0139,Gabriela Rodrigues,gabriela.rodrigues42@email.com,Blumenau,SC,Sul,P002,Notebook Air 14,,E-commerce,Diego Alves,1,3299.90,0.00,2480.00,Devolvido,Boleto,
V000933,2026-01-13,C0167,Ana Lima,ana.lima70@email.com,Ananindeua,PA,Norte,P003,Monitor 27 IPS,Informática,Marketplace,Carla Mendes,1,1299.90,0.10,890.00,Concluído,Cartão de Crédito,4
V000934,2025-01-11,C0422,Daniel Nascimento,daniel.nascimento34@email.com,Sobral,CE,Nordeste,P012,Soundbar 2.1,Eletrônicos,E-commerce,Fernanda Souza,1,899.90,0.00,530.00,Cancelado,Cartão de Crédito,
V000935,2026-01-27,C0335,Lucas Santos,lucas.santos44@email.com,Brasília,DF,Centro-Oeste,P009,Tablet 10,Telefonia,E-commerce,Igor Martins,1,1899.90,0.00,1370.00,Concluído,Cartão de Débito,
V000936,2025-06-09,C0229,Paulo Almeida,paulo.almeida35@email.com,Olinda,PE,Nordeste,P008,Smartphone Lite,Telefonia,WhatsApp,Gustavo Nunes,1,1599.90,0.05,1160.00,Concluído,PIX,5
V000937,2026-04-16,C0095,João Oliveira,joao.oliveira95@email.com,Caxias do Sul,RS,Sul,P006,Headset Gamer,Periféricos,E-commerce,Igor Martins,4,289.90,0.00,158.00,Devolvido,Boleto,
V000938,2025-01-22,C0159,Henrique Pereira,henrique.pereira62@email.com,Brasília,DF,Centro-Oeste,P006,Headset Gamer,Periféricos,E-commerce,Helena Prado,2,289.90,0.00,158.00,Concluído,Cartão de Crédito,3
V000939,2026-03-13,C0126,Nicolas Costa,nicolas.costa29@email.com,Aparecida de Goiânia,GO,Centro-Oeste,P015,Aspirador Vertical,Eletroportáteis,WhatsApp,Bruno Rocha,2,749.90,0.00,420.00,Devolvido,Cartão de Crédito,
V000940,2025-04-13,C0194,Nicolas Gomes,nicolas.gomes0@email.com,Juazeiro do Norte,CE,Nordeste,P013,Cafeteira Premium,Eletroportáteis,Loja Física,Bruno Rocha,3,449.90,0.20,250.00,Em transporte,Cartão de Crédito,
V000941,2025-05-16,C0128,Talita Souza,talita.souza31@email.com,Feira de Santana,BA,Nordeste,P003,Monitor 27 IPS,Informática,Marketplace,Carla Mendes,4,1299.90,0.10,890.00,Concluído,Cartão de Crédito,1
V000942,2026-07-10,C0377,Isabela Costa,isabela.costa86@email.com,Porto Alegre,RS,Sul,P011,Smart TV 43,Eletrônicos,Loja Física,Diego Alves,1,"R$ 1.999,90",0.20,1420.00,Cancelado,Cartão de Débito,
V000943,2025-06-17,C0158,Isabela Nascimento,isabela.nascimento61@email.com,Brasília,DF,Centro-Oeste,P011,Smart TV 43,Eletrônicos,WhatsApp,Carla Mendes,1,1999.90,0.10,1420.00,Devolvido,Boleto,
V000944,2026-07-11,C0064,Nicolas Rodrigues,nicolas.rodrigues64@email.com,Caxias do Sul,RS,Sul,P001,Notebook Pro 15,Informática,Loja Física,Bruno Rocha,1,4599.90,0.00,3480.00,Cancelado,Cartão de Débito,
V000945,2025-05-26,C0001,Daniel Silva,daniel.silva1@email.com,Brasília,DF,Centro-Oeste,P008,Smartphone Lite,Telefonia,Loja Física,Diego Alves,1,1599.90,0.00,1160.00,Concluído,PIX,4
V000946,2026-01-29,C0352,Karen Souza,karen.souza61@email.com,Campinas,SP,Sudeste,P004,Mouse Sem Fio,Periféricos,WhatsApp,Carla Mendes,6,129.90,0.00,62.00,Concluído,Boleto,4
V000947,2025-03-20,C0316,Lucas Lima,lucas.lima25@email.com,Anápolis,GO,Centro-Oeste,P011,Smart TV 43,Eletrônicos,Loja Física,Gustavo Nunes,4,1999.90,0.00,1420.00,Concluído,PIX,
V000948,2025-07-02,C0220,Felipe Souza,felipe.souza26@email.com,Manaus,sp,Norte,P017,Mesa Escritório,Móveis,Marketplace,Carla Mendes,2,899.90,0.00,540.00,Devolvido,Boleto,
V000949,2025-10-21,C0179,Nicolas Pereira,nicolas.pereira82@email.com,Florianópolis,SC,,P004,Mouse Sem Fio,Periféricos,Marketplace,Igor Martins,2,129.90,0.00,62.00,Em transporte,Cartão de Crédito,
V000950,2025-01-03,C0442,Olívia Almeida,olivia.almeida54@email.com,Santarém,PA,Norte,P005,Teclado Mecânico,Periféricos,E-commerce,Gustavo Nunes,1,349.90,0.05,195.00,Devolvido,Cartão de Débito,
V000951,2025-03-10,C0058,Karen Santos,karen.santos58@email.com,São José dos Campos,SP,Sudeste,P014,Air Fryer 5L,Eletroportáteis,Marketplace,Carla Mendes,1,599.90,0.00,330.00,Concluído,Boleto,5
V000952,2025-11-23,C0254,Bruno Rodrigues,bruno.rodrigues60@email.com,Aparecida de Goiânia,GO,Centro-Oeste,P014,Air Fryer 5L,Eletroportáteis,WhatsApp,Helena Prado,2,599.90,0.15,330.00,EM TRANSPORTE,PIX,3
V000953,2026-01-28,C0215,Lucas Rodrigues,lucas.rodrigues21@email.com,Sobral,CE,Nordeste,P018,Estante Modular,Móveis,WhatsApp,Igor Martins,1,649.90,0.20,380.00,Concluído,Cartão de Crédito,5
V000954,2026-03-08,C0270,Bruno Souza,bruno.souza76@email.com,Manaus,AM,Norte,P008,Smartphone Lite,Telefonia,Loja Física,Diego Alves,1,1599.90,0.00,1160.00,Em transporte,Cartão de Crédito,
V000955,2026-01-07,C0286,Karen Nascimento,karen.nascimento92@email.com,Pelotas,RS,Sul,P016,Cadeira Office,Móveis,E-commerce,Bruno Rocha,1,1099.90,0.00,690.00,Concluído,Boleto,3
V000956,2026-04-17,C0074,Paulo Souza,paulo.souza74@email.com,Olinda,PE,Nordeste,P018,Estante Modular,Móveis,WhatsApp,Diego Alves,1,649.90,0.00,380.00,Concluído,Cartão de Crédito,3
V000957,2025-05-27,C0194,Nicolas Gomes,nicolas.gomes0@email.com,Juazeiro do Norte,CE,Nordeste,P001,Notebook Pro 15,Informática,WhatsApp,Gustavo Nunes,1,4599.90,0.00,3480.00,Devolvido,Cartão de Crédito,
V000958,2026-05-04,C0429,Karen Oliveira,karen.oliveira41@email.com,Brasília,DF,Centro-Oeste,P006,Headset Gamer,Periféricos,Loja Física,Carla Mendes,1,289.90,0.00,158.00,Concluído,Cartão de Crédito,2
V000959,2026-03-03,C0077,Samuel Gomes,samuel.gomes77@email.com,Vitória da Conquista,BA,Nordeste,P006,Headset Gamer,Periféricos,WhatsApp,Carla Mendes,2,289.90,0.15,158.00,Concluído,Cartão de Débito,5
V000960,2025-12-12,C0228,Ana Lima,ana.lima34@email.com,Petrópolis,RJ,Sudeste,P001,Notebook Pro 15,Informática,Marketplace,Bruno Rocha,1,4599.90,0.15,3480.00,Concluído,PIX,
V000961,2026-05-31,C0083,Camila Oliveira,camila.oliveira83@email.com,Fortaleza,CE,Sul,P001,Notebook Pro 15,Informática,WhatsApp,Helena Prado,2,4599.90,0.05,3480.00,Cancelado,Boleto,
V000962,2026-05-29,C0157,Olívia Pereira,olivia.pereira60@email.com,Recife,PE,Nordeste,P008,Smartphone Lite,Telefonia,WhatsApp,,1,1599.90,0.00,1160.00,Cancelado,Cartão de Débito,
V000963,2025-05-09,C0381,Talita Nascimento,talita.nascimento90@email.com,São José dos Campos,SP,Sudeste,P007,Smartphone X,Telefonia,WhatsApp,Ana Lima,1,2799.90,0.00,2050.00,EM TRANSPORTE,Cartão de Crédito,
V000964,2026-04-25,C0245,Olívia Santos,olivia.santos51@email.com,SANTARÉM,PA,Norte,P011,Smart TV 43,Eletrônicos,WhatsApp,Helena Prado,1,1999.90,0.20,1420.00,Concluído,PIX,5
V000965,2025-10-04,C0056,Talita Souza,talita.souza56@email.com,Curitiba,PR,Sul,P004,Mouse Sem Fio,Periféricos,Loja Física,Gustavo Nunes,2,129.90,0.20,62.00,Concluído,PIX,1
V000966,2025-10-16,C0084,Camila Gomes,camila.gomes84@email.com,Goiânia,GO,Centro-Oeste,P018,Estante Modular,Móveis,Loja Física,Bruno Rocha,1,649.90,0.00,380.00,Em transporte,Boleto,
V000967,2025-07-12,C0283,João Ribeiro,joao.ribeiro89@email.com,Santos,SP,Sudeste,P007,Smartphone X,Telefonia,Loja Física,Diego Alves,1,2799.90,0.10,2050.00,Cancelado,Cartão de Crédito,
V000968,2026-05-11,C0024,Samuel Souza,samuel.souza24@email.com,Brasília,DF,Centro-Oeste,P002,Notebook Air 14,Informática,Marketplace,Bruno Rocha,4,3299.90,0.00,2480.00,Concluído,Cartão de Débito,4
V000969,2026-05-28,C0100,João Lima,joao.lima3@email.com,Florianópolis,SC,Sul,P011,Smart TV 43,Eletrônicos,WhatsApp,Gustavo Nunes,5,1999.90,0.15,1420.00,Devolvido,Cartão de Crédito,
V000970,2025-12-06,C0209,Henrique Ribeiro,,Duque de Caxias,RJ,Sudeste,P017,Mesa Escritório,Móveis,Loja Física,Carla Mendes,1,899.90,0.20,540.00,Concluído,Cartão de Crédito,5
V000971,2025-10-25,C0083,Camila Oliveira,camila.oliveira83@email.com,Fortaleza,CE,Nordeste,P005,Teclado Mecânico,perifericos,WhatsApp,Bruno Rocha,3,349.90,0.00,195.00,Devolvido,PIX,
V000972,2025-08-09,C0414,Talita Rodrigues,talita.rodrigues26@email.com,Pelotas,RS,Sul,P005,Teclado Mecânico,Periféricos,E-commerce,Equipe Digital,1,349.90,0.15,195.00,Cancelado,Boleto,
V000973,2026-04-04,C0403,Nicolas Santos,nicolas.santos15@email.com,Caxias do Sul,RS,Sul,P005,Teclado Mecânico,,market place,Fernanda Souza,1,349.90,0.20,195.00,Concluído,Cartão de Débito,1
V000974,2025-09-02,C0107,Ana Santos,ana.santos10@email.com,Fortaleza,CE,Nordeste,P003,Monitor 27 IPS,Informática,E-commerce,Igor Martins,1,1299.90,0.00,890.00,Concluído,Cartão de Crédito,4
V000975,2026-05-26,C0049,Paulo Nascimento,paulo.nascimento49@email.com,Uberlândia,MG,Sudeste,P015,Aspirador Vertical,Eletroportáteis,Marketplace,Carla Mendes,4,749.90,0.00,420.00,Concluído,Boleto,4
V000976,28/12/2025,C0046,Lucas Pereira,lucas.pereira46@email.com,Niterói,RJ,Sudeste,P003,Monitor 27 IPS,Informática,E-commerce,Igor Martins,1,1299.90,0.05,890.00,Concluído,PIX,5
V000977,2025-05-07,C0292,Renata Lima,renata.lima1@email.com,Juiz de Fora,MG,Sudeste,P016,Cadeira Office,Móveis,Loja Física,Gustavo Nunes,3,1099.90,0.05,690.00,Concluído,PIX,
V000978,2026-03-28,C0188,Felipe Pereira,felipe.pereira91@email.com,Rio de Janeiro,RJ,Sudeste,P017,Mesa Escritório,Móveis,Marketplace,Gustavo Nunes,1,899.90,0.05,540.00,Cancelado,Cartão de Débito,
V000979,2025-09-27,C0450,Eduarda Costa,eduarda.costa62@email.com,Anápolis,GO,Centro-Oeste,P002,Notebook Air 14,Informática,E-COMMERCE,Diego Alves,2,3299.90,0.10,2480.00,Concluído,Cartão de Crédito,3
V000980,2025-10-25,C0193,Talita Silva,,Manaus,AM,Norte,P006,Headset Gamer,Periféricos,e-commerce,Bruno Rocha,1,289.90,0.20,158.00,Concluído,Boleto,2
V000981,2026-04-23,C0240,Isabela Gomes,isabela.gomes46@email.com,Curitiba,PR,Sul,P018,Estante Modular,Móveis,market place,Bruno Rocha,1,7798.80,0.15,380.00,Concluído,Cartão de Débito,5
V000982,2025-07-24,C0206,Lucas Pereira,lucas.pereira12@email.com,Londrina,PR,Sul,P011,Smart TV 43,Eletrônicos,Loja Física,Gustavo Nunes,1,1999.90,0.10,1420.00,Concluído,Cartão de Débito,4
V000983,2025-04-28,C0143,Renata Gomes,renata.gomes46@email.com,Blumenau,SC,Sul,P015,Aspirador Vertical,Eletroportáteis,Loja Física,Carla Mendes,4,749.90,0.00,420.00,Devolvido,PIX,
V000984,2025-11-24,C0291,Eduarda Almeida,eduarda.almeida0@email.com,Salvador,BA,Nordeste,P002,Notebook Air 14,Informática,WhatsApp,Ana Lima,4,3299.90,0.00,2480.00,Em transporte,Cartão de Débito,
V000985,2026-04-30,C0110,Eduarda Silva,eduarda.silva13@email.com,Feira de Santana,BA,Nordeste,P002,Notebook Air 14,Informática,E-commerce,Ana Lima,5,3299.90,0.15,2480.00,Concluído,Boleto,4
V000986,2025-06-30,C0043,Renata Lima,renata.lima43@email.com,Brasília,DF,Centro-Oeste,P005,Teclado Mecânico,Periféricos,Loja Física,Fernanda Souza,1,349.90,0.00,195.00,Em transporte,Cartão de Débito,
V000987,2026-03-06,C0269,Paulo Gomes,paulo.gomes75@email.com,Anápolis,GO,Centro-Oeste,P007,Smartphone X,Telefonia,Marketplace,Carla Mendes,3,2799.90,0.00,2050.00,Concluído,Boleto,4
V000988,2025-06-18,C0102,Isabela Nascimento,isabela.nascimento5@email.com,Brasília,DF,Centro-Oeste,P012,Soundbar 2.1,Eletrônicos,WhatsApp,Igor Martins,1,899.90,0.15,530.00,Em transporte,PIX,
V000989,2026-03-24,C0182,Bruno Silva,bruno.silva85@email.com,Manaus,AM,Norte,P013,Cafeteira Premium,Eletroportáteis,Loja Física,Diego Alves,1,449.90,0.15,250.00,Cancelado,PIX,
V000990,2025-11-28,C0341,Daniel Souza,daniel.souza50@email.com,Niterói,RJ,Sudeste,P011,Smart TV 43,Eletrônicos,Loja Física,Carla Mendes,4,1999.90,0.00,1420.00,Concluído,Cartão de Crédito,4
V000991,2026-02-21,C0135,João Nascimento,joao.nascimento38@email.com,Belém,PA,Norte,P017,Mesa Escritório,Móveis,Loja Física,Igor Martins,4,899.90,0.20,540.00,Concluído,Cartão de Crédito,5
V000992,2025-02-07,C0112,Henrique Gomes,henrique.gomes15@email.com,Brasília,DF,Centro-Oeste,P007,Smartphone X,Telefonia,WhatsApp,Carla Mendes,2,2799.90,0.00,2050.00,Concluído,PIX,4
V000993,2025-01-15,C0190,Mariana Rodrigues,mariana.rodrigues93@email.com,Brasília,DF,Centro-Oeste,P012,Soundbar 2.1,Eletrônicos,Loja Física,Fernanda Souza,4,899.90,0.10,530.00,Em transporte,Cartão de Crédito,
V000994,2026-05-27,C0333,Daniel Almeida,daniel.almeida42@email.com,Juazeiro do Norte,CE,Nordeste,P015,Aspirador Vertical,Eletroportáteis,WhatsApp,Helena Prado,1,749.90,0.20,420.00,Cancelado,Cartão de Débito,
V000995,2026-06-20,C0392,Felipe Oliveira,felipe.oliveira4@email.com,São José dos Campos,SP,Sudeste,P011,Smart TV 43,Eletrônicos,Loja Física,Carla Mendes,1,1999.90,0.00,1420.00,Concluído,PIX,5
V000996,2026-13-10,C0224,Felipe Pereira,felipe.pereira30@email.com,Porto Alegre,RS,Sul,P013,Cafeteira Premium,ELETROPORTÁTEIS,Marketplace,Helena Prado,2,449.90,0.15,250.00,Cancelado,Cartão de Crédito,
V000997,2025-03-31,C0413,Ana Almeida,ana.almeida25@email.com,Salvador,BA,Nordeste,P004,Mouse Sem Fio,Periféricos,Loja Física,Ana Lima,2,129.90,0.05,62.00,Concluído,Cartão de Crédito,5
V000998,2026-03-31,C0258,Felipe Almeida,felipe.almeida64@email.com,Manaus,AM,Norte,P002,Notebook Air 14,Informática,Marketplace,Helena Prado,1,3299.90,0.20,2480.00,Concluído,Cartão de Débito,5
V000999,2025-04-28,C0101,Karen Souza,karen.souza4@email.com,Santarém,PA,Norte,P016,Cadeira Office,,Loja Física,Gustavo Nunes,5,1099.90,0.05,690.00,cancelado,Cartão de Crédito,5
V001000,2026-01-19,C0401,Vinícius Almeida,vinicius.almeida13@email.com,Olinda,PE,Nordeste,P008,Smartphone Lite,Telefonia,Marketplace,Fernanda Souza,3,1599.90,0.00,1160.00,Concluído,PIX,5
V001001,2025-01-05,C0213,Henrique Pereira,henrique.pereira19@email.com,Santarém,PA,Norte,P002,Notebook Air 14,Informática,Loja Física,Ana Lima,1,3299.90,0.00,2480.00,Em transporte,Boleto,
V001002,2025-12-10,C0088,Gabriela Gomes,gabriela.gomes88@email.com,Blumenau,SC,Sul,P014,Air Fryer 5L,Eletroportáteis,E-commerce,Equipe Digital,5,599.90,0.00,330.00,Cancelado,Cartão de Débito,
V001003,22-02-2025,C0411,Samuel Gomes,samuel.gomes23@email.com,Juazeiro do Norte,CE,Nordeste,P014,Air Fryer 5L,Eletroportáteis,E-commerce,Helena Prado,5,599.90,0.00,330.00,Concluído,PIX,4
V001004,2026-03-24,C0119,Olívia Costa,olivia.costa22@email.com,Londrina,PR,Sul,P004,Mouse Sem Fio,Periféricos,E-commerce,Equipe Digital,1,129.90,0.10,62.00,Em transporte,Cartão de Débito,
V001005,2025-09-24,C0429,Karen Oliveira,karen.oliveira41@email.com,Brasília,DF,Centro-Oeste,P018,Estante Modular,,E-commerce,Gustavo Nunes,1,649.90,0.00,380.00,Concluído,Cartão de Crédito,5
V001006,2025-06-06,C0015,Samuel Pereira,samuel.pereira15@email.com,Petrópolis,RJ,Sudeste,P018,Estante Modular,Móveis,Loja Física,Helena Prado,-1,649.90,0.15,380.00,Concluído,Boleto,
V001007,2025-07-11,C0123,Renata Rodrigues,,Brasília,DF,Centro-Oeste,P008,Smartphone Lite,Telefonia,Marketplace,Diego Alves,1,"R$ 1.599,90",0.00,1160.00,Devolvido,Cartão de Débito,
V001008,2025-09-24,C0338,Olívia Ribeiro,olivia.ribeiro47@email.com,Petrópolis,RJ,Sudeste,P002,Notebook Air 14,Informática,Marketplace,Bruno Rocha,4,3299.90,0.15,2480.00,Concluído,Cartão de Crédito,
V001009,2025-04-24,C0236,Renata Rodrigues,renata.rodrigues42@email.com,Manaus,AM,Norte,P004,Mouse Sem Fio,Periféricos,Loja Física,Carla Mendes,1,129.90,0.00,62.00,Concluído,Cartão de Débito,2
V001010,2026-01-06,C0430,Paulo Almeida,paulo.almeida42@email.com,Petrópolis,RJ,Sudeste,P007,Smartphone X,Telefonia,WhatsApp,Bruno Rocha,1,2799.90,0.00,2050.00,Concluído,Cartão de Débito,2
V001011,2025-03-20,C0108,Eduarda Nascimento,eduarda.nascimento11@email.com,Belém,PA,Norte,P014,Air Fryer 5L,Eletroportáteis,WhatsApp,Gustavo Nunes,2,599.90,0.05,330.00,Em transporte,PIX,
V001012,2025-07-04,C0153,Henrique Santos,henrique.santos56@email.com,Juazeiro do Norte,CE,Nordeste,P001,Notebook Pro 15,Informática,E-commerce,Ana Lima,1,4599.90,0.00,3480.00,Concluído,Cartão de Crédito,5
V001013,2025-06-12,C0268,Gabriela Nascimento,gabriela.nascimento74@email.com,Santos,SP,Sudeste,P009,Tablet 10,Telefonia,Loja Física,Diego Alves,2,1899.90,0.10,1370.00,Concluído,PIX,5
V001014,10-08-2025,C0444,João Rodrigues,joao.rodrigues56@email.com,Caxias do Sul,RS,Sul,P012,Soundbar 2.1,Eletrônicos,Loja Física,Diego Alves,1,899.90,0.00,530.00,Concluído,PIX,2
V001015,2025-10-02,C0141,Gabriela Nascimento,gabriela.nascimento44@email.com,Olinda,PE,Nordeste,P016,Cadeira Office,Móveis,E-commerce,Bruno Rocha,1,1099.90,0.10,690.00,Devolvido,Boleto,
V001016,2026-04-24,C0382,Daniel Rodrigues,daniel.rodrigues91@email.com,Caxias do Sul,RS,Sul,P016,Cadeira Office,Móveis,WhatsApp,Helena Prado,4,1099.90,0.00,690.00,Concluído,Boleto,4
V001017,2026-02-07,C0053,Lucas Almeida,lucas.almeida53@email.com,Brasília,DF,Centro-Oeste,P010,Smart TV 55,eletronicos,E-commerce,Diego Alves,5,2899.90,0.05,2070.00,Concluído,Cartão de Débito,5
V001018,2025-10-06,C0418,Nicolas Santos,nicolas.santos30@email.com,Niterói,RJ,Sudeste,P011,Smart TV 43,Eletrônicos,Loja Física,Helena Prado,1,1999.90,0.10,1420.00,Concluído,Cartão de Crédito,4
V001019,2026-04-06,C0086,Vinícius Silva,vinicius.silva86@email.com,Aparecida de Goiânia,GO,Centro-Oeste,P002,Notebook Air 14,Informática,Marketplace,Helena Prado,1,3299.90,0.20,2480.00,Devolvido,Boleto,
V001020,2026-02-12,C0016,Gabriela Ribeiro,gabriela.ribeiro16@email.com,Goiânia,GO,Centro-Oeste,P004,Mouse Sem Fio,Periféricos,E-commerce,Gustavo Nunes,1,129.90,0.00,62.00,Concluído,Cartão de Crédito,4
V001021,2025-08-09,C0337,Vinícius Souza,vinicius.souza46@email.com,Pelotas,RS,Sul,P012,Soundbar 2.1,Eletrônicos,Marketplace,Carla Mendes,2,899.90,0.00,530.00,Concluído,Cartão de Crédito,4
V001022,2025-12-03,C0110,Eduarda Silva,eduarda.silva13@email.com,Feira de Santana,BA,Nordeste,P015,Aspirador Vertical,Eletroportáteis,Marketplace,Diego Alves,2,749.90,0.05,420.00,Concluído,PIX,
V001023,2026-06-24,C0112,Henrique Gomes,henrique.gomes15@email.com,Brasília,DF,Centro-Oeste,P004,Mouse Sem Fio,Periféricos,Marketplace,Bruno Rocha,2,129.90,0.15,"R$ 62,00",Concluído,Boleto,5
V001024,2025-11-24,C0102,Isabela Nascimento,,Brasília,DF,Centro-Oeste,P007,Smartphone X,Telefonia,Loja Física,Igor Martins,1,2799.90,0.00,2050.00,Concluído,Cartão de Crédito,2
V001025,2026-04-09,C0088,Gabriela Gomes,gabriela.gomes88@email.com,Blumenau,SC,Sul,P011,Smart TV 43,Eletrônicos,WhatsApp,Diego Alves,2,1999.90,0.00,1420.00,Concluído,Cartão de Crédito,
V001026,2026-04-18,C0146,Ana Silva,ana.silva49@email.com,Uberlândia,MG,Sudeste,P005,Teclado Mecânico,Periféricos,WhatsApp,Ana Lima,4,349.90,0.10,195.00,Concluído,Cartão de Crédito,4
V001027,2025-03-13,C0241,Henrique Oliveira,henrique.oliveira47@email.com,Belo Horizonte,MG,Sudeste,P004,Mouse Sem Fio,Periféricos,WhatsApp,Fernanda Souza,1,129.90,0.20,62.00,Concluído,Cartão de Crédito,5
V001028,2026-07-24,C0397,Karen Lima,karen.lima9@email.com,Blumenau,SC,Sul,P011,Smart TV 43,Eletrônicos,WhatsApp,Ana Lima,1,1999.90,0.15,1420.00,Concluído,Cartão de Crédito,5
V001029,2026-01-18,C0317,João Silva,joao.silva26@email.com,Santarém,PA,,P004,Mouse Sem Fio,Periféricos,Loja Física,Diego Alves,1,129.90,0.00,62.00,Concluído,Boleto,2
V001030,2026-03-23,C0116,Karen Rodrigues,karen.rodrigues19@email.com,Uberlândia,MG,Sudeste,P006,Headset Gamer,Periféricos,Loja Física,Diego Alves,2,289.90,0.20,158.00,Concluído,Cartão de Crédito,5
V001031,2025-02-23,C0133,João Nascimento,joao.nascimento36@email.com,Petrópolis,RJ,Sudeste,P002,Notebook Air 14,Informática,Loja Física,Ana Lima,4,3299.90,0.00,2480.00,Concluído,Cartão de Débito,4
V001032,2025-10-04,C0358,Ana Oliveira,ana.oliveira67@email.com,Brasília,DF,Centro-Oeste,P006,Headset Gamer,Periféricos,E-commerce,Igor Martins,1,289.90,0.00,158.00,Em transporte,PIX,
V001033,2026-02-28,C0327,Renata Pereira,renata.pereira36@email.com,Fortaleza,CE,Nordeste,P015,Aspirador Vertical,Eletroportáteis,Loja Física,Diego Alves,2,749.90,0.15,420.00,Concluído,Boleto,4
V001034,2026-05-10,C0116,Karen Rodrigues,karen.rodrigues19@email.com,Uberlândia,MG,Sudeste,P003,Monitor 27 IPS,Informática,Marketplace,Fernanda Souza,2,1299.90,0.00,890.00,Cancelado,PIX,
V001035,2025-07-30,C0356,Isabela Oliveira,isabela.oliveira65@email.com,Campinas,SP,Sudeste,P003,Monitor 27 IPS,Informática,Loja Física,Igor Martins,1,1299.90,0.00,890.00,Devolvido,PIX,
V001036,2026-04-25,C0420,Mariana Pereira,mariana.pereira32@email.com,Petrópolis,RJ,Sudeste,P013,Cafeteira Premium,Eletroportáteis,E-commerce,Igor Martins,1,449.90,0.00,250.00,Em transporte,Boleto,
V001037,2025-11-16,C0363,Lucas Nascimento,lucas.nascimento72@email.com,Manaus,AM,,P015,Aspirador Vertical,Eletroportáteis,E-commerce,Equipe Digital,1,749.90,0.00,420.00,Concluído,Cartão de Débito,4
V001038,2026-04-09,C0445,Karen Gomes,karen.gomes57@email.com,Manaus,AM,Norte,P017,Mesa Escritório,Móveis,E-commerce,Helena Prado,1,899.90,0.00,540.00,Concluído,Boleto,3
V001039,2025-04-15,C0076,Isabela Almeida,isabela.almeida76@email.com,Feira de Santana,BA,Nordeste,P015,Aspirador Vertical,Eletroportáteis,Loja Física,Bruno Rocha,1,749.90,0.05,420.00,Concluído,Cartão de Crédito,4
V001040,2026-05-03,C0339,Nicolas Santos,nicolas.santos48@email.com,Brasília,DF,Centro-Oeste,P017,Mesa Escritório,Móveis,WhatsApp,Gustavo Nunes,1,899.90,0.10,"R$ 540,00",Concluído,Cartão de Débito,4
V001041,2025-08-06,C0078,Eduarda Souza,eduarda.souza78@email.com,Olinda,PE,Nordeste,P013,Cafeteira Premium,Eletroportáteis,WhatsApp,Gustavo Nunes,1,449.90,0.00,250.00,Concluído,Cartão de Crédito,2
V001042,2026-01-27,C0375,Olívia Rodrigues,olivia.rodrigues84@email.com,Caxias do Sul,RS,Sul,P014,Air Fryer 5L,Eletroportáteis,E-commerce,Fernanda Souza,1,599.90,0.00,330.00,Cancelado,Boleto,
V001043,2026-06-27,C0312,Lucas Lima,lucas.lima21@email.com,Olinda,PE,Nordeste,P016,Cadeira Office,Móveis,WhatsApp,Bruno Rocha,2,1099.90,0.15,690.00,Concluído,PIX,2
V001044,2025-04-28,C0028,Paulo Rodrigues,paulo.rodrigues28@email.com,Maringá,PR,Sul,P002,Notebook Air 14,Informática,Marketplace,Diego Alves,1,3299.90,0.00,2480.00,Concluído,Cartão de Débito,4
V001045,2026-02-06,C0202,Camila Pereira,camila.pereira8@email.com,Londrina,PR,Sul,P004,Mouse Sem Fio,Periféricos,WHATSAPP,Fernanda Souza,1,129.90,0.00,62.00,Em transporte,PIX,
V001046,2025-12-22,C0327,Renata Pereira,renata.pereira36@email.com,Fortaleza,CE,Nordeste,P010,Smart TV 55,Eletrônicos,Marketplace,Ana Lima,1,2899.90,0.10,2070.00,Devolvido,Cartão de Débito,
V001047,2025/11/09,C0437,Olívia Lima,olivia.lima49@email.com,Campinas,SP,Sudeste,P008,Smartphone Lite,Telefonia,E-commerce,Gustavo Nunes,2,1599.90,0.00,1160.00,Concluído,Cartão de Débito,4
V001048,2025-05-26,C0007,Samuel Rodrigues,samuel.rodrigues7@email.com,Belém,PA,Norte,P016,Cadeira Office,Móveis,WhatsApp,Gustavo Nunes,1,1099.90,0.00,690.00,CONCLUÍDO,Cartão de Crédito,3
V001049,2025-12-27,C0243,Vinícius Almeida,vinicius.almeida49@email.com,Ananindeua,PA,Norte,P001,Notebook Pro 15,Informática,WhatsApp,Diego Alves,1,4599.90,0.00,3480.00,Em transporte,Cartão de Crédito,
V001050,2025-10-25,C0428,Talita Gomes,talita.gomes40@email.com,Brasília,DF,Centro-Oeste,P008,Smartphone Lite,Telefonia,E-commerce,Carla Mendes,2,1599.90,0.00,1160.00,Concluído,Cartão de Débito,4
V001051,2026-05-18,C0377,Isabela Costa,isabela.costa86@email.com,Porto Alegre,RS,Sul,P012,Soundbar 2.1,Eletrônicos,Marketplace,Igor Martins,1,899.90,0.05,530.00,Concluído,Boleto,4
V001052,2025-12-08,C0266,Mariana Nascimento,mariana.nascimento72@email.com,Rio de Janeiro,RJ,Sudeste,P016,Cadeira Office,Móveis,E-COMMERCE,Fernanda Souza,2,1099.90,0.15,690.00,Devolvido,Cartão de Crédito,
V001053,2025-06-01,C0211,Paulo Almeida,paulo.almeida17@email.com,Recife,PE,Nordeste,P008,Smartphone Lite,Telefonia,E-commerce,Gustavo Nunes,1,1599.90,0.00,1160.00,Cancelado,Cartão de Débito,
V001054,2026-01-04,C0106,Olívia Nascimento,olivia.nascimento9@email.com,Contagem,MG,Sudeste,P003,Monitor 27 IPS,Informática,E-commerce,Helena Prado,2,1299.90,0.00,890.00,Devolvido,Cartão de Débito,
V001055,2026-06-24,C0090,João Almeida,joao.almeida90@email.com,Juiz de Fora,MG,Sudeste,P009,Tablet 10,Telefonia,Marketplace,Gustavo Nunes,1,1899.90,0.05,1370.00,Concluído,PIX,4
V001056,2025-02-12,C0297,Samuel Rodrigues,samuel.rodrigues6@email.com,Caxias do Sul,RS,Sul,P017,Mesa Escritório,Móveis,Marketplace,Bruno Rocha,1,899.90,0.05,540.00,Cancelado,Boleto,
V001057,2025-10-23,C0057,Bruno Souza,bruno.souza57@email.com,Rio de Janeiro,RJ,Sudeste,P001,Notebook Pro 15,Informática,WhatsApp,Carla Mendes,1,4599.90,0.00,3480.00,Cancelado,Boleto,
V001058,2026-07-26,C0341,Daniel Souza,daniel.souza50@email.com,Niterói,RJ,Sudeste,P006,Headset Gamer,Periféricos,Marketplace,Igor Martins,1,289.90,0.20,158.00,Concluído,Cartão de Débito,1
V001059,2025-02-11,C0112,Henrique Gomes,henrique.gomes15@email.com,Brasília,DF,Centro-Oeste,P010,Smart TV 55,Eletrônicos,Loja Física,Ana Lima,1,2899.90,0.00,2070.00,Concluído,Cartão de Crédito,
V001060,2025-02-21,C0129,Nicolas Silva,nicolas.silva32@email.com,São José dos Campos,SP,Sudeste,P005,Teclado Mecânico,Periféricos,Marketplace,Fernanda Souza,2,349.90,0.10,195.00,Devolvido,PIX,6
V001061,2025-03-30,C0366,Ana Silva,ana.silva75@email.com,Brasília,DF,Centro-Oeste,P009,Tablet 10,Telefonia,E-commerce,Diego Alves,1,1899.90,0.00,1370.00,Concluído,PIX,4
V001062,2026-04-30,C0182,Bruno Silva,bruno.silva85@email.com,Manaus,AM,Norte,P008,Smartphone Lite,Telefonia,WhatsApp,Helena Prado,1,1599.90,0.00,1160.00,Concluído,Boleto,4
V001063,2025-06-27,C0289,Nicolas Silva,nicolas.silva95@email.com,Londrina,PR,Sul,P014,Air Fryer 5L,Eletroportáteis,Marketplace,Carla Mendes,2,599.90,0.00,330.00,Concluído,Cartão de Débito,3
V001064,2026-07-22,C0103,Bruno Santos,bruno.santos6@email.com,Blumenau,SC,Sul,P010,Smart TV 55,Eletrônicos,Marketplace,Bruno Rocha,1,2899.90,0.15,2070.00,Concluído,PIX,5
V001065,2026-01-20,C0401,Vinícius Almeida,vinicius.almeida13@email.com,Olinda,PE,Nordeste,P014,Air Fryer 5L,Eletroportáteis,Loja Física,Carla Mendes,1,599.90,0.15,330.00,Concluído,Boleto,5
V001066,2026-04-25,C0182,Bruno Silva,bruno.silva85@email.com,Manaus,AM,Norte,P014,Air Fryer 5L,Eletroportáteis,WhatsApp,Helena Prado,5,599.90,0.05,330.00,Concluído,Cartão de Crédito,5
V001067,2026-03-08,C0046,Lucas Pereira,lucas.pereira46@email.com,NITERÓI,RJ,Sudeste,P005,Teclado Mecânico,Periféricos,Marketplace,Diego Alves,2,349.90,0.00,195.00,Concluído,Boleto,
V001068,2025-02-24,C0387,Samuel Costa,samuel.costa96@email.com,Porto Alegre,RS,Sul,P013,Cafeteira Premium,Eletroportáteis,E-commerce,Helena Prado,2,449.90,0.05,250.00,Em transporte,Cartão de Débito,
V001069,2025-02-25,C0044,Lucas Oliveira,lucas.oliveira44@email.com,Belo Horizonte,MG,Sudeste,P002,Notebook Air 14,Informática,Marketplace,Bruno Rocha,1,3299.90,0.00,2480.00,Em transporte,Boleto,
V001070,2026-05-09,C0354,Samuel Souza,samuel.souza63@email.com,Manaus,AM,Norte,P011,Smart TV 43,Eletrônicos,Loja Física,Bruno Rocha,2,1999.90,0.15,1420.00,Cancelado,Cartão de Crédito,
V001071,2025-07-29,C0265,Karen Pereira,karen.pereira71@email.com,Petrópolis,RJ,Sudeste,P005,Teclado Mecânico,Periféricos,WhatsApp,Carla Mendes,1,349.90,0.15,195.00,Devolvido,PIX,
V001072,2025-11-05,C0322,Eduarda Gomes,eduarda.gomes31@email.com,Brasília,DF,Centro-Oeste,P010,Smart TV 55,Eletrônicos,Loja Física,Igor Martins,2,2899.90,0.00,2070.00,Concluído,Cartão de Crédito,2
V001073,2025-06-06,C0310,Ana Almeida,ana.almeida19@email.com,Brasília,DF,Centro-Oeste,P004,Mouse Sem Fio,Periféricos,Loja Física,Diego Alves,1,129.90,0.05,62.00,Concluído,Cartão de Débito,5
V001074,2026-02-05,C0029,Eduarda Pereira,eduarda.pereira29@email.com,Recife,PE,Nordeste,P004,Mouse Sem Fio,Periféricos,Marketplace,Helena Prado,1,129.90,0.00,"R$ 62,00",Em transporte,PIX,
V001075,2026-07-14,C0134,Nicolas Costa,nicolas.costa37@email.com,Brasília,DF,Centro-Oeste,P015,Aspirador Vertical,Eletroportáteis,Loja Física,Helena Prado,1,749.90,0.00,420.00,Concluído,PIX,3
V001076,2025-06-24,C0262,DANIEL OLIVEIRA,daniel.oliveira68@email.com,Brasília,DF,Centro-Oeste,P018,Estante Modular,MÓVEIS,E-commerce,Igor Martins,1,649.90,0.00,380.00,Devolvido,Cartão de Crédito,
V001077,2026-05-20,C0189,Ana Pereira,ana.pereira92@email.com,Aparecida de Goiânia,GO,Centro-Oeste,P009,Tablet 10,Telefonia,WhatsApp,Helena Prado,2,1899.90,0.00,1370.00,Concluído,Cartão de Débito,5
V001078,2025-06-01,C0015,Samuel Pereira,samuel.pereira15@email.com,Petrópolis,RJ,Sudeste,P010,Smart TV 55,Eletrônicos,WhatsApp,Bruno Rocha,2,2899.90,0.00,2070.00,Cancelado,Boleto,
V001079,2025-02-04,C0331,Samuel Costa,samuel.costa40@email.com,Manaus,AM,Norte,P015,Aspirador Vertical,Eletroportáteis,Loja Física,Gustavo Nunes,5,749.90,0.05,420.00,Devolvido,Cartão de Débito,
V001080,2025-10-11,C0005,Renata Lima,renata.lima5@email.com,Curitiba,PR,Sul,P006,Headset Gamer,Periféricos,Marketplace,Diego Alves,1,289.90,0.15,158.00,Cancelado,Cartão de Débito,
V001081,2026-06-10,C0033,Paulo Santos,paulo.santos33@email.com,Fortaleza,CE,Nordeste,P006,Headset Gamer,Periféricos,E-commerce,Gustavo Nunes,2,289.90,0.10,158.00,Concluído,PIX,5
V001082,2025-10-13,C0402,Gabriela Nascimento,gabriela.nascimento14@email.com,Florianópolis,SC,Sul,P010,Smart TV 55,Eletrônicos,WhatsApp,Bruno Rocha,4,2899.90,0.15,2070.00,Concluído,Cartão de Débito,5
V001083,2025-07-04,C0295,Paulo Pereira,paulo.pereira4@email.com,Petrópolis,RJ,Sudeste,P017,Mesa Escritório,Móveis,Marketplace,Carla Mendes,2,899.90,0.10,540.00,Cancelado,Boleto,
V001084,2026-02-18,C0035,Nicolas Lima,nicolas.lima35@email.com,Manaus,AM,Norte,P002,Notebook Air 14,Informática,Loja Física,Carla Mendes,1,3299.90,0.15,2480.00,Concluído,Cartão de Débito,5
V001085,2025-11-28,C0390,Isabela Silva,isabela.silva2@email.com,Goiânia,GO,Centro-Oeste,P008,Smartphone Lite,Telefonia,E-commerce,Bruno Rocha,4,1599.90,0.00,1160.00,Devolvido,Cartão de Débito,
V001086,2026-03-07,C0033,Paulo Santos,paulo.santos33@email.com,Fortaleza,CE,Nordeste,P002,Notebook Air 14,Informática,Marketplace,Bruno Rocha,1,3299.90,0.15,2480.00,Concluído,Boleto,5
V001087,2025-01-31,C0090,João Almeida,joao.almeida90@email.com,Juiz de Fora,MG,Sudeste,P011,Smart TV 43,Eletrônicos,Loja Física,Igor Martins,1,1999.90,0.15,1420.00,Cancelado,PIX,
V001088,2025-07-20,C0130,Samuel Gomes,samuel.gomes33@email.com,Manaus,AM,Norte,P016,Cadeira Office,Móveis,WhatsApp,Fernanda Souza,1,1099.90,0.15,690.00,Concluído,PIX,5
V001089,2025-03-30,C0299,Camila Souza,camila.souza8@email.com,Aparecida de Goiânia,GO,Centro-Oeste,P001,Notebook Pro 15,Informática,Loja Física,Diego Alves,1,4599.90,0.00,3480.00,Concluído,Cartão de Débito,4
V001090,2026-07-14,C0443,Vinícius Oliveira,vinicius.oliveira55@email.com,Juazeiro do Norte,CE,Nordeste,P003,Monitor 27 IPS,Informática,Marketplace,Carla Mendes,2,1299.90,0.15,890.00,Devolvido,Cartão de Débito,
V001091,2025-07-14,C0427,Paulo Almeida,paulo.almeida39@email.com,Contagem,MG,Sudeste,P007,Smartphone X,Telefonia,WhatsApp,Gustavo Nunes,1,2799.90,0.10,2050.00,Em transporte,PIX,
V001092,2025-03-10,C0225,Samuel Oliveira,samuel.oliveira31@email.com,Ananindeua,PA,Norte,P014,Air Fryer 5L,Eletroportáteis,WhatsApp,Bruno Rocha,2,599.90,0.00,330.00,Em transporte,Boleto,
V001093,2025-04-14,C0061,Talita Almeida,talita.almeida61@email.com,Goiânia,GO,Centro-Oeste,P016,Cadeira Office,Móveis,E-commerce,Ana Lima,2,1099.90,0.00,690.00,Concluído,Boleto,4
V001094,2025-09-15,C0200,Samuel Almeida,samuel.almeida6@email.com,Anápolis,sp,Centro-Oeste,P012,Soundbar 2.1,Eletrônicos,Loja Física,Carla Mendes,5,899.90,0.00,530.00,Cancelado,PIX,
V001095,2026-06-15,C0313,Nicolas Ribeiro,nicolas.ribeiro22@email.com,Brasília,DF,Centro-Oeste,P017,Mesa Escritório,Móveis,Marketplace,Helena Prado,2,899.90,0.10,540.00,Devolvido,Cartão de Crédito,
V001096,2026-04-28,C0135,João Nascimento,joao.nascimento38@email.com,Belém,PA,Norte,P001,Notebook Pro 15,Informática,Loja Física,Gustavo Nunes,1,4599.90,0.00,3480.00,Concluído,PIX,1
V001097,29-07-2025,C0281,Eduarda Santos,eduarda.santos87@email.com,Ananindeua,PA,Norte,P011,Smart TV 43,Eletrônicos,Loja Física,Diego Alves,1,1999.90,0.20,1420.00,cancelado,Cartão de Crédito,
V001098,2025-12-21,C0037,Isabela Nascimento,isabela.nascimento37@email.com,Fortaleza,CE,,P014,Air Fryer 5L,Eletroportáteis,Loja Física,Igor Martins,4,599.90,0.00,330.00,Devolvido,Cartão de Crédito,
V001099,2025-04-17,C0019,Lucas Oliveira,lucas.oliveira19@email.com,Olinda,PE,Nordeste,P016,Cadeira Office,Móveis,E-commerce,Gustavo Nunes,1,1099.90,0.00,690.00,Em transporte,PIX,
V001100,2025-01-22,C0029,Eduarda Pereira,eduarda.pereira29@email.com,Recife,PE,Nordeste,P001,Notebook Pro 15,Informática,E-commerce,Equipe Digital,2,4599.90,0.05,3480.00,Devolvido,Cartão de Crédito,
V001101,2026-07-20,C0247,Gabriela Rodrigues,gabriela.rodrigues53@email.com,Brasília,DF,Centro-Oeste,P002,Notebook Air 14,Informática,WhatsApp,Helena Prado,2,3299.90,0.05,2480.00,Devolvido,Cartão de Débito,
V001102,2026-07-17,C0071,Samuel Santos,samuel.santos71@email.com,Manaus,AM,Norte,P004,Mouse Sem Fio,Periféricos,WhatsApp,Bruno Rocha,4,129.90,0.00,62.00,Concluído,Boleto,4
V001103,2026-03-24,C0030,Samuel Nascimento,samuel.nascimento30@email.com,Londrina,PR,Sul,P008,Smartphone Lite,Telefonia,E-commerce,Bruno Rocha,2,1599.90,0.00,1160.00,Concluído,Cartão de Crédito,5
V001104,2025-01-16,C0448,Isabela Ribeiro,,Blumenau,SC,Sul,P008,Smartphone Lite,Telefonia,Loja Física,Bruno Rocha,1,1599.90,0.05,1160.00,Concluído,Cartão de Crédito,4
V001105,2025-11-18,C0180,Ana Ribeiro,ana.ribeiro83@email.com,Caruaru,PE,Nordeste,P008,Smartphone Lite,Telefonia,Marketplace,Carla Mendes,2,1599.90,0.05,1160.00,Devolvido,Cartão de Crédito,
V001106,2025-03-20,C0040,Felipe Almeida,felipe.almeida40@email.com,Salvador,BA,Nordeste,P009,Tablet 10,Telefonia,E-commerce,Igor Martins,2,1899.90,0.20,1370.00,Concluído,Cartão de Débito,4
V001107,2025-11-06,C0188,Felipe Pereira,felipe.pereira91@email.com,Rio de Janeiro,RJ,Sudeste,P018,Estante Modular,Móveis,Marketplace,Diego Alves,1,649.90,0.00,380.00,Concluído,Cartão de Crédito,5
V001108,2025-02-25,C0178,Karen Costa,karen.costa81@email.com,Olinda,PE,Nordeste,P014,Air Fryer 5L,Eletroportáteis,WhatsApp,Fernanda Souza,1,599.90,0.00,330.00,Em transporte,PIX,
V001109,2025-11-09,C0380,Lucas Oliveira,lucas.oliveira89@email.com,Santarém,PA,Norte,P018,Estante Modular,Móveis,market place,Bruno Rocha,1,"R$ 649,90",0.20,380.00,Em transporte,PIX,
V001110,2025-02-06,C0121,Gabriela Rodrigues,gabriela.rodrigues24@email.com,Brasília,DF,Centro-Oeste,P015,Aspirador Vertical,Eletroportáteis,WhatsApp,Bruno Rocha,1,749.90,0.20,420.00,Concluído,Boleto,4
V001111,2026-01-29,C0154,Olívia Gomes,olivia.gomes57@email.com,Juiz de Fora,MG,Sudeste,P003,Monitor 27 IPS,Informática,Loja Física,Fernanda Souza,3,1299.90,0.05,890.00,Concluído,Cartão de Débito,1
V001112,2026-01-29,C0228,Ana Lima,ana.lima34@email.com,Petrópolis,RJ,Sudeste,P002,Notebook Air 14,Informática,E-commerce,Diego Alves,1,3299.90,0.15,2480.00,Concluído,Cartão de Crédito,5
V001113,2025-11-09,C0017,Henrique Pereira,henrique.pereira17@email.com,São Paulo,SP,Sudeste,P018,Estante Modular,Móveis,Marketplace,Ana Lima,4,649.90,0.20,380.00,Concluído,PIX,4
V001114,2025-01-29,C0175,Ana Santos,ana.santos78@email.com,Brasília,DF,Centro-Oeste,P014,Air Fryer 5L,,WhatsApp,Ana Lima,3,599.90,0.10,330.00,Concluído,Cartão de Débito,4
V001115,2026-03-11,C0294,Eduarda Rodrigues,eduarda.rodrigues3@email.com,Campinas,SP,Sudeste,P017,Mesa Escritório,Móveis,Marketplace,Carla Mendes,5,899.90,0.05,540.00,Devolvido,PIX,
V001116,2025-05-16,C0008,Talita Pereira,talita.pereira8@email.com,Recife,PE,Nordeste,P009,Tablet 10,Telefonia,Marketplace,Bruno Rocha,6,1899.90,0.20,1370.00,Cancelado,Boleto,
V001117,2025-12-12,C0293,Olívia Santos,olivia.santos2@email.com,Duque de Caxias,RJ,Sudeste,P013,Cafeteira Premium,Eletroportáteis,Loja Física,Fernanda Souza,1,449.90,0.15,250.00,Concluído,Cartão de Crédito,
V001118,2025-05-08,C0158,Isabela Nascimento,isabela.nascimento61@email.com,Brasília,DF,Centro-Oeste,P011,Smart TV 43,Eletrônicos,Marketplace,Carla Mendes,1,1999.90,0.00,1420.00,Concluído,Cartão de Débito,1
V001119,2025-02-07,C0184,Eduarda Almeida,eduarda.almeida87@email.com,Maringá,PR,Sul,P016,Cadeira Office,Móveis,E-commerce,Helena Prado,1,1099.90,0.00,690.00,Concluído,Boleto,
V001120,2025-03-07,C0226,Bruno Nascimento,bruno.nascimento32@email.com,Santos,SP,Sudeste,P006,Headset Gamer,Periféricos,Marketplace,Fernanda Souza,1,289.90,0.05,158.00,Concluído,PIX,4
V001121,2025-05-31,C0447,Samuel Gomes,samuel.gomes59@email.com,Duque de Caxias,RJ,Sudeste,P002,Notebook Air 14,Informática,E-commerce,Bruno Rocha,2,3299.90,0.00,2480.00,Devolvido,Cartão de Débito,
V001122,2025-11-21,C0022,Samuel Ribeiro,samuel.ribeiro22@email.com,Uberlândia,MG,Sudeste,P018,Estante Modular,Móveis,E-commerce,Ana Lima,5,649.90,0.00,380.00,Concluído,Boleto,1
V001123,2026-07-08,C0368,Olívia Santos,olivia.santos77@email.com,RECIFE,PE,Nordeste,P002,Notebook Air 14,Informática,E-commerce,Gustavo Nunes,1,3299.90,0.10,2480.00,Concluído,Cartão de Crédito,2
V001124,31-08-2025,C0105,Eduarda Gomes,eduarda.gomes8@email.com,Caxias do Sul,RS,Sul,P011,Smart TV 43,Eletrônicos,Marketplace,Helena Prado,1,1999.90,0.05,1420.00,Concluído,Cartão de Crédito,3
V001125,2025-12-01,C0311,Samuel Oliveira,samuel.oliveira20@email.com,Brasília,DF,Centro-Oeste,P012,Soundbar 2.1,Eletrônicos,Marketplace,Helena Prado,4,899.90,0.00,530.00,Concluído,Cartão de Crédito,4
V001126,2025-06-14,C0189,Ana Pereira,ana.pereira92@email.com,Aparecida de Goiânia,GO,Centro-Oeste,P002,Notebook Air 14,Informática,Marketplace,Carla Mendes,4,3299.90,0.00,2480.00,Concluído,PIX,
V001127,2025-11-17,C0262,Daniel Oliveira,daniel.oliveira68@email.com,Brasília,DF,Centro-Oeste,P017,Mesa Escritório,Móveis,Marketplace,Diego Alves,1,899.90,0.10,540.00,Concluído,Cartão de Débito,3
V001128,22-03-2025,C0040,Felipe Almeida,felipe.almeida40@email.com,Salvador,BA,Nordeste,P008,Smartphone Lite,Telefonia,WhatsApp,Bruno Rocha,3,1599.90,0.10,1160.00,Em transporte,Cartão de Crédito,
V001129,2026-04-29,C0338,Olívia Ribeiro,olivia.ribeiro47@email.com,Petrópolis,RJ,Sudeste,P017,Mesa Escritório,Móveis,WhatsApp,Gustavo Nunes,1,899.90,0.20,540.00,Cancelado,Boleto,
V001130,2025-09-07,C0169,Mariana Rodrigues,mariana.rodrigues72@email.com,Manaus,AM,Norte,P008,Smartphone Lite,Telefonia,Marketplace,Diego Alves,1,1599.90,0.15,1160.00,Concluído,Cartão de Débito,4
V001131,2026-02-24,C0186,Isabela Costa,isabela.costa89@email.com,Belém,PA,Norte,P003,Monitor 27 IPS,Informática,Marketplace,Bruno Rocha,4,1299.90,0.15,890.00,Concluído,PIX,
V001132,2026-04-05,C0403,Nicolas Santos,nicolas.santos15@email.com,Caxias do Sul,RS,Sul,P014,Air Fryer 5L,Eletroportáteis,E-commerce,,4,599.90,0.00,330.00,Em transporte,Cartão de Débito,
V001133,2025-05-22,C0311,SAMUEL OLIVEIRA,samuel.oliveira20@email.com,Brasília,DF,Centro-Oeste,P009,Tablet 10,Telefonia,E-COMMERCE,Gustavo Nunes,1,1899.90,0.00,1370.00,Concluído,PIX,5
V001134,2026-05-22,C0324,Talita Costa,talita.costa33@email.com,Campinas,XX,Sudeste,P007,Smartphone X,Telefonia,E-commerce,Igor Martins,1,2799.90,0.00,2050.00,Concluído,Cartão de Débito,4
V001135,2025-04-14,C0065,Bruno Gomes,bruno.gomes65@email.com,Santarém,PA,Norte,P002,Notebook Air 14,Informática,WhatsApp,Ana Lima,2,3299.90,0.00,2480.00,Concluído,Cartão de Débito,5
V001136,2026-03-09,C0182,Bruno Silva,bruno.silva85@email.com,Manaus,AM,Norte,P005,Teclado Mecânico,Periféricos,WhatsApp,Diego Alves,2,349.90,0.00,195.00,Concluído,Cartão de Crédito,4
V001137,2025-02-16,C0038,Daniel Gomes,daniel.gomes38@email.com,Brasília,DF,Centro-Oeste,P012,Soundbar 2.1,Eletrônicos,WhatsApp,Helena Prado,2,899.90,0.15,530.00,Em transporte,Cartão de Débito,
V001138,2025-10-24,C0388,Isabela Lima,isabela.lima0@email.com,Manaus,AM,Norte,P016,Cadeira Office,Móveis,E-commerce,Carla Mendes,2,1099.90,0.10,690.00,Em transporte,Cartão de Crédito,
V001139,2025-06-05,C0004,Ana Santos,ana.santos4@email.com,Campinas,SP,Sudeste,P012,Soundbar 2.1,Eletrônicos,WhatsApp,Helena Prado,1,899.90,0.00,530.00,Cancelado,Boleto,
V001140,2025-04-10,C0119,Olívia Costa,olivia.costa22@email.com,Londrina,PR,Sul,P010,Smart TV 55,Eletrônicos,WhatsApp,Gustavo Nunes,1,2899.90,0.10,2070.00,Cancelado,Cartão de Débito,
V001141,2025-10-20,C0166,Nicolas Rodrigues,nicolas.rodrigues69@email.com,Maringá,PR,Sul,P013,Cafeteira Premium,Eletroportáteis,Marketplace,Carla Mendes,5,449.90,0.00,250.00,Em transporte,PIX,
V001142,2026-03-17,C0266,Mariana Nascimento,mariana.nascimento72@email.com,Rio de Janeiro,RJ,Sudeste,P009,Tablet 10,Telefonia,Marketplace,Bruno Rocha,1,1899.90,0.00,1370.00,Concluído,Boleto,4
V001143,2026-05-14,C0225,Samuel Oliveira,samuel.oliveira31@email.com,Ananindeua,PA,Norte,P008,Smartphone Lite,Telefonia,E-commerce,Fernanda Souza,4,1599.90,0.00,1160.00,Cancelado,Cartão de Crédito,
V001144,2025-08-26,C0342,Olívia Costa,olivia.costa51@email.com,Vitória da Conquista,BA,Nordeste,P009,Tablet 10,Telefonia,E-commerce,Bruno Rocha,1,1899.90,0.20,1370.00,Cancelado,PIX,
V001145,2025-01-29,C0307,Vinícius Rodrigues,vinicius.rodrigues16@email.com,Niterói,RJ,Sudeste,P002,Notebook Air 14,Informática,E-commerce,Ana Lima,1,3299.90,0.20,2480.00,Concluído,PIX,4
V001146,2025-10-16,C0293,Olívia Santos,olivia.santos2@email.com,Duque de Caxias,RJ,Sudeste,P014,Air Fryer 5L,Eletroportáteis,WhatsApp,Carla Mendes,3,599.90,0.00,330.00,Concluído,Cartão de Débito,2
V001147,2026-03-19,C0253,Paulo Almeida,paulo.almeida59@email.com,Fortaleza,CE,Nordeste,P009,Tablet 10,Telefonia,Loja Física,Carla Mendes,6,1899.90,0.15,1370.00,Devolvido,Cartão de Crédito,
V001148,2025-12-29,C0412,Mariana Ribeiro,mariana.ribeiro24@email.com,Rio de Janeiro,RJ,Sudeste,P003,Monitor 27 IPS,Informática,E-commerce,Bruno Rocha,1,1299.90,0.10,890.00,Concluído,Cartão de Débito,4
V001149,2026-06-10,C0345,Paulo Lima,paulo.lima54@email.com,Duque de Caxias,RJ,Sudeste,P003,Monitor 27 IPS,Informática,Marketplace,Ana Lima,1,1299.90,0.15,890.00,Em transporte,Boleto,
V001150,2025-07-14,C0431,Isabela Lima,isabela.lima43@email.com,Manaus,AM,Norte,P018,Estante Modular,Móveis,Loja Física,Ana Lima,1,649.90,0.10,380.00,Concluído,PIX,4
V001151,2025-09-29,C0241,Henrique Oliveira,henrique.oliveira47@email.com,Belo Horizonte,MG,Sudeste,P005,Teclado Mecânico,Periféricos,WhatsApp,Carla Mendes,2,349.90,0.00,195.00,EM TRANSPORTE,Cartão de Crédito,4
V001152,2026-06-13,C0439,Bruno Almeida,bruno.almeida51@email.com,Belo Horizonte,MG,Sudeste,P007,Smartphone X,Telefonia,Loja Física,Helena Prado,1,2799.90,0.10,2050.00,Cancelado,PIX,
V001153,2025-07-02,C0020,Gabriela Gomes,gabriela.gomes20@email.com,Caxias do Sul,RS,Sul,P014,Air Fryer 5L,Eletroportáteis,Marketplace,Helena Prado,2,599.90,0.00,330.00,Devolvido,Boleto,
V001154,2026-05-11,C0272,Paulo Santos,paulo.santos78@email.com,Belém,PA,Norte,P006,Headset Gamer,Periféricos,Marketplace,Diego Alves,3,289.90,0.15,158.00,Concluído,Cartão de Débito,5
V001155,2026-01-01,C0279,Olívia Nascimento,olivia.nascimento85@email.com,Curitiba,PR,Sul,P016,Cadeira Office,Móveis,Marketplace,Bruno Rocha,1,1099.90,0.20,690.00,Em transporte,Boleto,
V001156,2026-03-06,C0229,Paulo Almeida,paulo.almeida35@email.com,Olinda,PE,Nordeste,P011,Smart TV 43,Eletrônicos,E-commerce,Helena Prado,1,1999.90,0.05,1420.00,Concluído,Boleto,2
V001157,2026-02-12,C0361,Nicolas Nascimento,nicolas.nascimento70@email.com,Belo Horizonte,MG,Sudeste,P005,Teclado Mecânico,Periféricos,WhatsApp,Igor Martins,2,349.90,0.15,195.00,Concluído,Boleto,1
V001158,2025-10-02,C0260,Paulo Santos,paulo.santos66@email.com,Brasília,DF,,P007,Smartphone X,Telefonia,WhatsApp,Ana Lima,2,2799.90,0.00,2050.00,Concluído,Cartão de Débito,4
V001159,2026-02-05,C0415,Nicolas Pereira,nicolas.pereira27@email.com,Salvador,BA,Nordeste,P015,Aspirador Vertical,Eletroportáteis,WhatsApp,Helena Prado,1,749.90,0.00,420.00,Concluído,PIX,5
V001160,2025-12-14,C0326,Gabriela Oliveira,gabriela.oliveira35@email.com,Juiz de Fora,MG,Sudeste,P002,Notebook Air 14,Informática,WHATSAPP,Igor Martins,1,3299.90,0.10,2480.00,Concluído,cartão débito,5
V001161,2025-04-23,C0315,Daniel Souza,daniel.souza24@email.com,Olinda,PE,Nordeste,P011,Smart TV 43,Eletrônicos,E-commerce,Equipe Digital,1,1999.90,0.15,1420.00,Concluído,Cartão de Crédito,5
V001162,2025-12-08,C0181,Lucas Souza,lucas.souza84@email.com,São Paulo,SP,Sudeste,P018,Estante Modular,Móveis,Loja Física,Ana Lima,1,649.90,0.00,380.00,Cancelado,PIX,
V001163,10/06/2025,C0430,Paulo Almeida,paulo.almeida42@email.com,Petrópolis,RJ,Sudeste,P018,Estante Modular,Móveis,WhatsApp,Diego Alves,1,649.90,0.00,380.00,Concluído,Cartão de Débito,4
V001164,2025-08-09,C0284,Talita Gomes,talita.gomes90@email.com,Anápolis,GO,Centro-Oeste,P008,Smartphone Lite,Telefonia,Loja Física,Ana Lima,3,1599.90,0.20,1160.00,Cancelado,Cartão de Crédito,
V001165,2026-05-29,C0204,Mariana Costa,mariana.costa10@email.com,Brasília,DF,Centro-Oeste,P016,Cadeira Office,Móveis,Loja Física,Carla Mendes,1,1099.90,0.00,690.00,Concluído,Cartão de Crédito,4
V001166,2025-10-06,C0384,Vinícius Pereira,vinicius.pereira93@email.com,Joinville,SC,Sul,P004,Mouse Sem Fio,Periféricos,WhatsApp,Helena Prado,1,129.90,0.15,62.00,Concluído,Cartão de Crédito,2
V001167,2025-03-17,C0259,Felipe Lima,felipe.lima65@email.com,Joinville,SC,Sul,P014,Air Fryer 5L,Eletroportáteis,Loja Física,Ana Lima,2,599.90,0.10,330.00,Cancelado,PIX,
V001168,2025-04-08,C0377,Isabela Costa,isabela.costa86@email.com,Porto Alegre,RS,Sul,P013,Cafeteira Premium,Eletroportáteis,E-commerce,Fernanda Souza,2,449.90,0.05,250.00,Cancelado,Cartão de Crédito,
V001169,2025-11-06,C0141,Gabriela Nascimento,gabriela.nascimento44@email.com,Olinda,PE,Nordeste,P015,Aspirador Vertical,Eletroportáteis,E-commerce,Bruno Rocha,1,749.90,0.15,420.00,Cancelado,Cartão de Débito,
V001170,2026-01-21,C0150,Eduarda Gomes,eduarda.gomes53@email.com,Maringá,PR,Sul,P014,Air Fryer 5L,Eletroportáteis,Loja Física,Diego Alves,5,599.90,0.10,330.00,Concluído,Boleto,5
V001171,2026-07-01,C0260,Paulo Santos,paulo.santos66@email.com,Brasília,DF,Centro-Oeste,P008,Smartphone Lite,Telefonia,WhatsApp,Ana Lima,6,1599.90,0.15,1160.00,Concluído,Cartão de Crédito,4
V001172,2026-04-09,C0115,Felipe Rodrigues,felipe.rodrigues18@email.com,Manaus,AM,Norte,P001,Notebook Pro 15,Informática,WhatsApp,Diego Alves,1,4599.90,0.05,3480.00,Cancelado,Cartão de Crédito,
V001173,2025-11-15,C0171,Ana Rodrigues,ana.rodrigues74@email.com,OLINDA,PE,Nordeste,P005,Teclado Mecânico,Periféricos,Loja Física,Bruno Rocha,2,349.90,0.00,195.00,Em transporte,Cartão de Débito,
V001174,2025-09-13,C0043,Renata Lima,renata.lima43@email.com,Brasília,DF,Centro-Oeste,P005,Teclado Mecânico,Periféricos,WhatsApp,Igor Martins,1,349.90,0.20,195.00,Cancelado,PIX,
V001175,2025-03-02,C0393,Mariana Santos,mariana.santos5@email.com,Brasília,DF,Centro-Oeste,P016,Cadeira Office,Móveis,Marketplace,Helena Prado,1,1099.90,0.00,690.00,Em transporte,PIX,
V001176,2025-02-07,C0165,Olívia Rodrigues,olivia.rodrigues68@email.com,Fortaleza,CE,Nordeste,P014,Air Fryer 5L,Eletroportáteis,Loja Física,Fernanda Souza,2,599.90,0.20,330.00,Cancelado,Cartão de Débito,
V001177,2026-07-13,C0256,Henrique Gomes,henrique.gomes62@email.com,Rio de Janeiro,RJ,Sudeste,P011,Smart TV 43,Eletrônicos,E-commerce,Gustavo Nunes,1,1999.90,0.05,1420.00,Cancelado,Cartão de Crédito,
V001178,2025-04-18,C0218,Daniel Ribeiro,daniel.ribeiro24@email.com,Curitiba,PR,Sul,P003,Monitor 27 IPS,Informática,WhatsApp,Carla Mendes,2,1299.90,0.00,890.00,Cancelado,Cartão de Crédito,
V001179,2025-06-20,C0102,Isabela Nascimento,isabela.nascimento5@email.com,Brasília,DF,Centro-Oeste,P015,Aspirador Vertical,Eletroportáteis,Loja Física,Ana Lima,3,749.90,0.05,420.00,Concluído,Cartão de Débito,5
V001180,2025-05-24,C0384,Vinícius Pereira,vinicius.pereira93@email.com,Joinville,SC,Sul,P018,Estante Modular,Móveis,WhatsApp,Helena Prado,1,649.90,0.00,380.00,Concluído,Boleto,4
V001181,2026-06-20,C0166,Nicolas Rodrigues,nicolas.rodrigues69@email.com,Maringá,PR,Sul,P012,Soundbar 2.1,Eletrônicos,E-commerce,Carla Mendes,1,899.90,0.15,530.00,Concluído,Boleto,
V001182,2026-06-16,C0310,Ana Almeida,ana.almeida19@email.com,Brasília,DF,Centro-Oeste,P009,Tablet 10,Telefonia,WhatsApp,Igor Martins,1,1899.90,0.00,1370.00,Devolvido,PIX,
V001183,2025-06-18,C0269,Paulo Gomes,paulo.gomes75@email.com,Anápolis,GO,Centro-Oeste,P016,Cadeira Office,Móveis,Loja Física,Gustavo Nunes,1,1099.90,0.00,690.00,Concluído,Cartão de Crédito,2
V001184,2025-11-16,C0360,Felipe Pereira,felipe.pereira69@email.com,São Paulo,SP,Sudeste,P007,Smartphone X,Telefonia,E-commerce,Bruno Rocha,1,2799.90,0.00,2050.00,Concluído,Cartão de Débito,1
V001185,2025-06-10,C0035,Nicolas Lima,nicolas.lima35@email.com,Manaus,AM,Norte,P012,Soundbar 2.1,Eletrônicos,E-commerce,Gustavo Nunes,2,899.90,0.00,530.00,Concluído,Cartão de Débito,4
V001186,2025-11-10,C0189,Ana Pereira,ana.pereira92@email.com,Aparecida de Goiânia,GO,Centro-Oeste,P013,Cafeteira Premium,Eletroportáteis,Marketplace,Diego Alves,1,449.90,0.00,250.00,Concluído,Boleto,4
V001187,2025-07-02,C0135,João Nascimento,joao.nascimento38@email.com,Belém,PA,Norte,P004,Mouse Sem Fio,Periféricos,E-commerce,Equipe Digital,2,129.90,0.20,62.00,Concluído,Boleto,4
V001188,2026-04-30,C0108,Eduarda Nascimento,eduarda.nascimento11@email.com,Belém,PA,Norte,P006,Headset Gamer,Periféricos,Loja Física,Diego Alves,6,"R$ 289,90",0.00,158.00,Em transporte,PIX,
V001189,2025-05-27,C0085,Daniel Lima,daniel.lima85@email.com,Salvador,BA,Nordeste,P016,Cadeira Office,Móveis,Loja Física,Gustavo Nunes,1,1099.90,0.00,690.00,Concluído,Cartão de Débito,5
V001190,2026-03-12,C0341,Daniel Souza,daniel.souza50@email.com,Niterói,RJ,Sudeste,P016,Cadeira Office,Móveis,Marketplace,Fernanda Souza,1,1099.90,0.00,690.00,Concluído,Cartão de Débito,5
V001191,2026-01-22,C0397,Karen Lima,karen.lima9@email.com,Blumenau,SC,Sul,P013,Cafeteira Premium,Eletroportáteis,WhatsApp,Gustavo Nunes,1,449.90,0.10,250.00,Concluído,Cartão de Crédito,5
V001192,2025-08-08,C0086,Vinícius Silva,vinicius.silva86@email.com,Aparecida de Goiânia,GO,Centro-Oeste,P009,Tablet 10,Telefonia,E-commerce,Helena Prado,2,1899.90,0.05,1370.00,Devolvido,Boleto,
V001193,2025-05-04,C0286,Karen Nascimento,karen.nascimento92@email.com,Pelotas,RS,Sul,P014,Air Fryer 5L,Eletroportáteis,Marketplace,Carla Mendes,1,599.90,0.00,330.00,Em transporte,Cartão de Débito,
V001194,2025-12-21,C0373,Daniel Gomes,daniel.gomes82@email.com,Niterói,RJ,Sudeste,P014,Air Fryer 5L,Eletroportáteis,E-commerce,Equipe Digital,3,599.90,0.00,330.00,Concluído,PIX,4
V001195,2025-01-11,C0101,Karen Souza,karen.souza4@email.com,Santarém,PA,Norte,P015,Aspirador Vertical,Eletroportáteis,Marketplace,Diego Alves,1,749.90,0.00,420.00,Concluído,Boleto,2
V001196,2025/09/17,C0258,Felipe Almeida,felipe.almeida64@email.com,Manaus,AM,Norte,P001,Notebook Pro 15,INFORMÁTICA,Marketplace,Ana Lima,2,4599.90,0.15,3480.00,Concluído,Cartão de Crédito,5
V001197,2025-09-17,C0141,Gabriela Nascimento,gabriela.nascimento44@email.com,Olinda,PE,Nordeste,P002,Notebook Air 14,Informática,Loja Física,Igor Martins,6,3299.90,0.15,2480.00,Concluído,PIX,5
V001198,2026-04-30,C0384,Vinícius Pereira,vinicius.pereira93@email.com,Joinville,SC,Sul,P018,Estante Modular,Móveis,Loja Física,Ana Lima,1,649.90,0.10,380.00,Devolvido,PIX,
V001199,2025-07-01,C0446,Karen Santos,karen.santos58@email.com,Manaus,AM,Norte,P005,Teclado Mecânico,Periféricos,Loja Física,Helena Prado,3,349.90,0.00,195.00,Concluído,Cartão de Crédito,5
V001200,2025-11-18,C0050,Renata Lima,renata.lima50@email.com,Joinville,SC,Sul,P018,Estante Modular,Móveis,Marketplace,Diego Alves,2,649.90,0.15,380.00,Concluído,Boleto,0
V001201,2025-06-23,C0301,Daniel Gomes,daniel.gomes10@email.com,Vitória da Conquista,BA,Nordeste,P012,Soundbar 2.1,Eletrônicos,Loja Física,Helena Prado,1,899.90,0.15,530.00,Devolvido,Cartão de Crédito,
V001202,2025-03-08,C0099,Daniel Ribeiro,daniel.ribeiro2@email.com,Niterói,RJ,Sudeste,P017,Mesa Escritório,Móveis,E-commerce,Fernanda Souza,1,899.90,0.05,540.00,Concluído,PIX,4
V001203,2026-06-02,C0210,Samuel Souza,,Caruaru,PE,Nordeste,P006,Headset Gamer,Periféricos,Loja Física,Fernanda Souza,1,289.90,0.00,158.00,Concluído,Cartão de Débito,4
V001204,2025-03-30,C0290,Paulo Ribeiro,paulo.ribeiro96@email.com,Ananindeua,PA,Norte,P015,Aspirador Vertical,Eletroportáteis,Loja Física,Bruno Rocha,4,749.90,0.00,420.00,Devolvido,Cartão de Crédito,
V001205,2025-07-10,C0163,Eduarda Ribeiro,eduarda.ribeiro66@email.com,Belém,PA,Norte,P001,Notebook Pro 15,Informática,E-commerce,Ana Lima,1,4599.90,0.00,3480.00,Concluído,PIX,2
V001206,2025-11-12,C0429,Karen Oliveira,karen.oliveira41@email.com,Brasília,DF,Centro-Oeste,P007,Smartphone X,Telefonia,E-commerce,Fernanda Souza,1,2799.90,0.15,2050.00,Concluído,Boleto,3
V001207,2025-05-24,C0290,Paulo Ribeiro,paulo.ribeiro96@email.com,Ananindeua,PA,Norte,P011,Smart TV 43,Eletrônicos,WhatsApp,Diego Alves,3,1999.90,0.00,1420.00,Concluído,Boleto,3
V001208,2025-09-23,C0358,Ana Oliveira,,Brasília,DF,Centro-Oeste,P015,Aspirador Vertical,Eletroportáteis,Marketplace,Bruno Rocha,1,749.90,0.10,420.00,Concluído,Cartão de Débito,4
V001209,2025-06-24,C0019,Lucas Oliveira,lucas.oliveira19@email.com,Olinda,PE,Nordeste,P013,Cafeteira Premium,Eletroportáteis,E-commerce,Equipe Digital,2,449.90,0.15,250.00,Concluído,Boleto,4
V001210,2025-08-01,C0176,Olívia Oliveira,olivia.oliveira79@email.com,Belo Horizonte,MG,Sudeste,P017,Mesa Escritório,Móveis,Marketplace,Bruno Rocha,1,899.90,0.00,540.00,Concluído,Cartão de Débito,4
V001211,2025-09-25,C0017,Henrique Pereira,henrique.pereira17@email.com,São Paulo,SP,Sudeste,P004,Mouse Sem Fio,Periféricos,E-commerce,Igor Martins,1,129.90,0.10,62.00,Concluído,Cartão de Débito,4
V001212,2025-02-04,C0166,Nicolas Rodrigues,nicolas.rodrigues69@email.com,Maringá,PR,Sul,P004,Mouse Sem Fio,Periféricos,Marketplace,Ana Lima,1,129.90,0.05,62.00,Concluído,Cartão de Crédito,4
V001213,2025-07-11,C0184,Eduarda Almeida,eduarda.almeida87@email.com,Maringá,PR,Sul,P010,Smart TV 55,Eletrônicos,E-commerce,Igor Martins,1,2899.90,0.20,2070.00,Concluído,Cartão de Débito,5
V001214,2026-03-22,C0375,Olívia Rodrigues,olivia.rodrigues84@email.com,Caxias do Sul,RS,Sul,P013,Cafeteira Premium,Eletroportáteis,WhatsApp,Diego Alves,1,449.90,0.00,250.00,Cancelado,Boleto,
V001215,2026-05-10,C0348,Daniel Gomes,daniel.gomes57@email.com,Caxias do Sul,RS,Sul,P013,Cafeteira Premium,Eletroportáteis,Marketplace,Ana Lima,5,449.90,0.00,250.00,Em transporte,Cartão de Crédito,
V001216,2026-03-08,C0219,Daniel Ribeiro,,Pelotas,RS,Sul,P009,Tablet 10,Telefonia,WhatsApp,,1,1899.90,0.00,1370.00,Concluído,PIX,
V001217,2025-05-23,C0067,Karen Santos,karen.santos67@email.com,Belém,PA,Norte,P011,Smart TV 43,Eletrônicos,Loja Física,Bruno Rocha,1,1999.90,0.20,1420.00,Concluído,Cartão de Débito,4
V001218,2026-02-10,C0085,Daniel Lima,daniel.lima85@email.com,Salvador,BA,Nordeste,P015,Aspirador Vertical,Eletroportáteis,Loja Física,Carla Mendes,1,749.90,0.00,420.00,Concluído,Cartão de Crédito,4
V001219,2025-07-09,C0121,Gabriela Rodrigues,gabriela.rodrigues24@email.com,Brasília,DF,Centro-Oeste,P007,Smartphone X,Telefonia,WhatsApp,Bruno Rocha,2,2799.90,0.00,2050.00,Devolvido,Boleto,
V001220,2025/01/06,C0245,Olívia Santos,olivia.santos51@email.com,Santarém,PA,Norte,P006,Headset Gamer,Periféricos,Marketplace,Bruno Rocha,1,289.90,0.15,158.00,Concluído,Cartão de Débito,4
V001221,2026-01-21,C0426,Eduarda Gomes,eduarda.gomes38@email.com,Goiânia,GO,Centro-Oeste,P015,Aspirador Vertical,Eletroportáteis,E-commerce,Bruno Rocha,1,749.90,0.00,420.00,Em transporte,PIX,
V001222,2026-02-14,C0396,Karen Oliveira,karen.oliveira8@email.com,Olinda,PE,Nordeste,P011,Smart TV 43,Eletrônicos,Marketplace,Helena Prado,2,1999.90,0.10,1420.00,Concluído,Cartão de Débito,4
V001223,2025-01-28,C0114,Eduarda Souza,eduarda.souza17@email.com,Belém,PA,Norte,P006,Headset Gamer,Periféricos,E-commerce,Gustavo Nunes,1,289.90,0.10,158.00,Em transporte,Cartão de Crédito,
V001224,2026-02-12,C0040,Felipe Almeida,,Salvador,BA,Nordeste,P008,Smartphone Lite,Telefonia,E-commerce,Igor Martins,1,1599.90,0.00,1160.00,Concluído,Cartão de Crédito,5
V001225,2025-12-14,C0197,Lucas Gomes,lucas.gomes3@email.com,Feira de Santana,BA,Nordeste,P006,Headset Gamer,Periféricos,WhatsApp,Carla Mendes,1,289.90,0.05,158.00,Devolvido,cartão débito,
V001226,2025-02-05,C0134,Nicolas Costa,nicolas.costa37@email.com,Brasília,DF,Centro-Oeste,P014,Air Fryer 5L,Eletroportáteis,E-commerce,Carla Mendes,1,599.90,0.10,330.00,Em transporte,Cartão de Crédito,
V001227,2026-04-22,C0413,Ana Almeida,ana.almeida25@email.com,Salvador,BA,Nordeste,P003,Monitor 27 IPS,Informática,Marketplace,Bruno Rocha,2,1299.90,0.05,890.00,Em transporte,Cartão de Crédito,6
V001228,2025-06-14,C0164,Nicolas Rodrigues,nicolas.rodrigues67@email.com,Petrópolis,RJ,Sudeste,P005,Teclado Mecânico,Periféricos,WhatsApp,Igor Martins,1,349.90,0.15,195.00,Devolvido,Cartão de Débito,
V001229,2026-03-09,C0395,Gabriela Rodrigues,gabriela.rodrigues7@email.com,Juazeiro do Norte,CE,Nordeste,P002,Notebook Air 14,Informática,Marketplace,Helena Prado,1,"R$ 3.299,90",0.15,2480.00,Concluído,Cartão de Débito,
V001230,2026-05-30,C0191,Talita Ribeiro,talita.ribeiro94@email.com,Niterói,RJ,Sudeste,P016,Cadeira Office,Móveis,Marketplace,Gustavo Nunes,1,1099.90,15%,690.00,Concluído,Cartão de Débito,5
V001231,2025-03-23,C0077,Samuel Gomes,samuel.gomes77@email.com,Vitória da Conquista,BA,Nordeste,P001,Notebook Pro 15,Informática,Marketplace,Fernanda Souza,1,4599.90,0.20,"R$ 3.480,00",Cancelado,Cartão de Débito,
V001232,2026-03-22,C0025,Bruno Souza,bruno.souza25@email.com,Manaus,AM,Norte,P015,Aspirador Vertical,Eletroportáteis,Marketplace,Ana Lima,1,749.90,0.05,420.00,Concluído,Cartão de Crédito,
V001233,2026-01-14,C0130,Samuel Gomes,samuel.gomes33@email.com,Manaus,AM,Norte,P014,Air Fryer 5L,Eletroportáteis,Marketplace,Fernanda Souza,2,599.90,0.00,330.00,Cancelado,Boleto,
V001234,2025-07-03,C0151,Daniel Rodrigues,daniel.rodrigues54@email.com,Campinas,SP,Sudeste,P012,Soundbar 2.1,Eletrônicos,WhatsApp,Ana Lima,1,899.90,0.00,530.00,Devolvido,Cartão de Crédito,
V001235,2025-04-25,C0183,Ana Lima,ana.lima86@email.com,CURITIBA,PR,Sul,P002,Notebook Air 14,Informática,WhatsApp,Diego Alves,1,3299.90,0.10,2480.00,Concluído,PIX,3
V001236,2026-05-21,C0221,Paulo Pereira,paulo.pereira27@email.com,Santarém,PA,Norte,P009,Tablet 10,Telefonia,Marketplace,Igor Martins,2,1899.90,0.00,1370.00,Em transporte,Cartão de Débito,
V001237,2025-02-11,C0040,Felipe Almeida,felipe.almeida40@email.com,Salvador,BA,Nordeste,P011,Smart TV 43,Eletrônicos,Marketplace,,1,1999.90,0.15,1420.00,Devolvido,Cartão de Crédito,
V001238,2026-01-27,C0263,Paulo Pereira,paulo.pereira69@email.com,Vitória da Conquista,BA,Nordeste,P003,Monitor 27 IPS,Informática,Marketplace,Fernanda Souza,1,1299.90,0.00,890.00,Concluído,Cartão de Crédito,4
V001239,2026-03-20,C0060,Samuel Oliveira,samuel.oliveira60@email.com,Maringá,PR,Sul,P007,Smartphone X,Telefonia,Marketplace,Fernanda Souza,2,2799.90,0.10,2050.00,Em transporte,PIX,
V001240,2025-02-20,C0192,João Gomes,joao.gomes95@email.com,Rio de Janeiro,RJ,Sudeste,P016,Cadeira Office,moveis,E-commerce,Helena Prado,1,1099.90,0.15,690.00,cancelado,PIX,
V001241,2025-10-11,C0257,Isabela Lima,isabela.lima63@email.com,Manaus,AM,Norte,P002,Notebook Air 14,Informática,WhatsApp,Carla Mendes,2,3299.90,0.00,2480.00,Concluído,PIX,5
V001242,20-01-2025,C0401,Vinícius Almeida,vinicius.almeida13@email.com,Olinda,PE,Nordeste,P014,Air Fryer 5L,Informática,E-commerce,Fernanda Souza,1,599.90,0.10,330.00,Em transporte,Boleto,
V001243,2025-04-10,C0114,Eduarda Souza,eduarda.souza17@email.com,Belém,PA,Norte,P008,Smartphone Lite,Telefonia,Loja Física,Gustavo Nunes,1,1599.90,0.10,"R$ 1.160,00",Concluído,Cartão de Débito,
V001244,2026-03-07,C0326,Gabriela Oliveira,gabriela.oliveira35@email.com,Juiz de Fora,MG,Sudeste,P011,Smart TV 43,Eletrônicos,WhatsApp,Igor Martins,4,1999.90,0.00,1420.00,Concluído,Boleto,4
V001245,2025-12-21,C0422,Daniel Nascimento,daniel.nascimento34@email.com,Sobral,CE,Nordeste,P015,Aspirador Vertical,Eletroportáteis,E-commerce,Igor Martins,3,749.90,0.05,420.00,Concluído,PIX,5
V001246,2026-02-04,C0131,Nicolas Santos,nicolas.santos34@email.com,Pelotas,RS,Sul,P013,Cafeteira Premium,Eletroportáteis,Loja Física,Bruno Rocha,2,449.90,0.10,250.00,Concluído,PIX,2
V001247,2026-06-27,C0190,Mariana Rodrigues,mariana.rodrigues93@email.com,Brasília,DF,Centro-Oeste,P010,Smart TV 55,Eletrônicos,Marketplace,Gustavo Nunes,1,2899.90,0.05,2070.00,Concluído,PIX,3
V001248,2025-12-27,C0290,Paulo Ribeiro,paulo.ribeiro96@email.com,Ananindeua,PA,Norte,P014,Air Fryer 5L,Eletroportáteis,WhatsApp,Ana Lima,2,599.90,0.00,330.00,Cancelado,Cartão de Débito,
V001249,2025-08-29,C0193,Talita Silva,talita.silva96@email.com,Manaus,AM,Norte,P018,Estante Modular,Móveis,E-commerce,Helena Prado,2,"R$ 649,90",0.20,380.00,Concluído,Cartão de Débito,2
V001250,2025-08-12,C0109,Talita Nascimento,talita.nascimento12@email.com,Porto Alegre,RS,Sul,P004,Mouse Sem Fio,Periféricos,Marketplace,Carla Mendes,3,129.90,0.20,62.00,Em transporte,Cartão de Débito,
V001251,2026-07-18,C0210,Samuel Souza,samuel.souza16@email.com,Caruaru,PE,Nordeste,P012,Soundbar 2.1,Eletrônicos,E-commerce,Helena Prado,4,899.90,0.00,530.00,Concluído,Cartão de Crédito,4
V001252,2025-11-22,C0258,Felipe Almeida,felipe.almeida64@email.com,Manaus,AM,Norte,P018,Estante Modular,Móveis,WhatsApp,Diego Alves,3,649.90,0.05,380.00,Em transporte,Cartão de Débito,
V001253,2025-10-21,C0423,Lucas Costa,lucas.costa35@email.com,Maringá,PR,Sul,P015,Aspirador Vertical,Eletroportáteis,E-commerce,Carla Mendes,1,749.90,0.00,420.00,Cancelado,Boleto,
V001254,2026-04-21,C0336,Ana Lima,ana.lima45@email.com,Caruaru,PE,Nordeste,P006,Headset Gamer,Periféricos,Loja Física,Helena Prado,2,289.90,0.05,158.00,Concluído,PIX,5
V001255,2025-01-30,C0317,João Silva,joao.silva26@email.com,Santarém,PA,Norte,P008,Smartphone Lite,Telefonia,E-commerce,Equipe Digital,6,1599.90,0.10,1160.00,Cancelado,Cartão de Débito,
V001256,2025-01-24,C0167,Ana Lima,ana.lima70@email.com,Ananindeua,PA,Norte,P008,Smartphone Lite,Telefonia,E-commerce,Igor Martins,2,1599.90,0.00,1160.00,Concluído,PIX,
V001257,2026-07-20,C0262,Daniel Oliveira,daniel.oliveira68@email.com,Brasília,DF,Centro-Oeste,P007,Smartphone X,Telefonia,E-commerce,,1,2799.90,0.20,2050.00,Concluído,Cartão de Débito,3
V001258,2025-07-24,C0166,Nicolas Rodrigues,nicolas.rodrigues69@email.com,Maringá,PR,Sul,P005,Teclado Mecânico,Periféricos,Marketplace,Bruno Rocha,4,349.90,0.00,195.00,Cancelado,Cartão de Débito,
V001259,2026-04-16,C0126,Nicolas Costa,nicolas.costa29@email.com,Aparecida de Goiânia,GO,Centro-Oeste,P015,Aspirador Vertical,Eletroportáteis,E-commerce,Carla Mendes,5,749.90,0.10,420.00,Devolvido,Cartão de Crédito,
V001260,2025-12-06,C0447,Samuel Gomes,,Duque de Caxias,RJ,Sudeste,P006,Headset Gamer,Periféricos,E-commerce,Igor Martins,2,"R$ 289,90",0.00,158.00,Concluído,Cartão de Débito,1
V001261,2026-06-17,C0241,HENRIQUE OLIVEIRA,henrique.oliveira47@email.com,Belo Horizonte,MG,Sudeste,P013,Cafeteira Premium,Eletroportáteis,Loja Física,Helena Prado,5,449.90,0.15,"R$ 250,00",Cancelado,Cartão de Crédito,
V001262,2026-07-01,C0366,Ana Silva,ana.silva75@email.com,Brasília,DF,Centro-Oeste,P001,Notebook Pro 15,Informática,WhatsApp,Igor Martins,3,4599.90,0.00,3480.00,Concluído,Cartão de Crédito,5
V001263,2026-01-08,C0205,Karen Oliveira,karen.oliveira11@email.com,Olinda,PE,Nordeste,P017,Mesa Escritório,Móveis,WhatsApp,Helena Prado,2,899.90,0.00,540.00,Concluído,Cartão de Crédito,4
V001264,2025-06-23,C0188,Felipe Pereira,felipe.pereira91@email.com,Rio de Janeiro,RJ,Sudeste,P014,Air Fryer 5L,Eletroportáteis,Marketplace,Carla Mendes,4,599.90,0.20,330.00,Concluído,Boleto,4
V001265,2025-04-10,C0169,Mariana Rodrigues,mariana.rodrigues72@email.com,Manaus,AM,Norte,P003,Monitor 27 IPS,Informática,WhatsApp,Igor Martins,2,1299.90,0.20,890.00,Concluído,Boleto,4
V001266,2026-04-01,C0170,Henrique Pereira,henrique.pereira73@email.com,Olinda,PE,Nordeste,P015,Aspirador Vertical,Eletroportáteis,Marketplace,Fernanda Souza,2,749.90,0.20,420.00,Concluído,Boleto,3
V001267,2025-01-27,C0114,Eduarda Souza,eduarda.souza17@email.com,Belém,PA,Norte,P012,Soundbar 2.1,Eletrônicos,Marketplace,Fernanda Souza,1,899.90,0.15,530.00,Concluído,Boleto,
V001268,2026-05-02,C0366,Ana Silva,ana.silva75@email.com,Brasília,DF,Centro-Oeste,P015,Aspirador Vertical,Eletroportáteis,Marketplace,Carla Mendes,2,749.90,0.15,420.00,Concluído,Boleto,3
V001269,2026-01-29,C0132,Vinícius Costa,,Pelotas,RS,Sul,P008,Smartphone Lite,Telefonia,Loja Física,Diego Alves,2,1599.90,0.00,1160.00,Cancelado,Cartão de Crédito,
V001270,2025-09-23,C0187,Vinícius Ribeiro,vinicius.ribeiro90@email.com,Aparecida de Goiânia,GO,Centro-Oeste,P017,Mesa Escritório,Móveis,WhatsApp,Igor Martins,2,899.90,0.00,540.00,Concluído,Boleto,3
V001271,2026-06-20,C0192,João Gomes,,Rio de Janeiro,RJ,Sudeste,P013,Cafeteira Premium,Eletroportáteis,WhatsApp,Carla Mendes,3,449.90,0.05,250.00,Concluído,Cartão de Débito,5
V001272,2025-01-15,C0343,Samuel Rodrigues,samuel.rodrigues52@email.com,SANTARÉM,PA,Norte,P003,Monitor 27 IPS,Informática,Marketplace,Diego Alves,1,1299.90,0.00,890.00,Concluído,Cartão de Crédito,4
V001273,2025-07-21,C0183,Ana Lima,ana.lima86@email.com,Curitiba,PR,Sul,P016,Cadeira Office,Móveis,WhatsApp,Ana Lima,3,1099.90,0.20,690.00,Em transporte,PIX,
V001274,2025-07-27,C0187,Vinícius Ribeiro,vinicius.ribeiro90@email.com,Aparecida de Goiânia,GO,Centro-Oeste,P002,Notebook Air 14,Informática,WhatsApp,Bruno Rocha,5,3299.90,0.10,2480.00,Concluído,Cartão de Crédito,4
V001275,2025-02-27,C0229,Paulo Almeida,paulo.almeida35@email.com,Olinda,PE,Nordeste,P017,Mesa Escritório,Móveis,E-commerce,Diego Alves,1,899.90,0.15,540.00,Concluído,PIX,4
V001276,2026-04-13,C0091,Camila Silva,camila.silva91@email.com,Manaus,AM,Norte,P002,Notebook Air 14,Informática,Marketplace,Fernanda Souza,1,3299.90,0.00,2480.00,Devolvido,Cartão de Crédito,
V001277,2025-05-16,C0268,Gabriela Nascimento,gabriela.nascimento74@email.com,Santos,SP,Sudeste,P010,Smart TV 55,Eletrônicos,Loja Física,Diego Alves,1,2899.90,0.10,2070.00,Em transporte,Cartão de Débito,
V001278,2026-04-21,C0051,Samuel Ribeiro,samuel.ribeiro51@email.com,Maringá,PR,Sul,P018,Estante Modular,Móveis,Loja Física,Gustavo Nunes,3,649.90,0.00,380.00,Concluído,Cartão de Crédito,5
V001279,2026-03-29,C0043,Renata Lima,renata.lima43@email.com,Brasília,DF,Centro-Oeste,P016,Cadeira Office,Móveis,E-commerce,Bruno Rocha,1,1099.90,0.00,690.00,Cancelado,Cartão de Débito,
V001280,2025-11-04,C0292,Renata Lima,renata.lima1@email.com,Juiz de Fora,MG,Sudeste,P001,Notebook Pro 15,Informática,WhatsApp,Bruno Rocha,2,4599.90,0.05,3480.00,Em transporte,PIX,
V001281,2026-04-13,C0001,Daniel Silva,daniel.silva1@email.com,Brasília,DF,Centro-Oeste,P009,Tablet 10,Telefonia,WhatsApp,Fernanda Souza,1,1899.90,0.00,1370.00,Concluído,Cartão de Débito,5
V001282,2026-06-11,C0146,Ana Silva,ana.silva49@email.com,Uberlândia,MG,Sudeste,P010,Smart TV 55,Eletrônicos,WHATSAPP,Diego Alves,1,2899.90,0.15,2070.00,Cancelado,Boleto,
V001283,2026-03-27,C0058,Karen Santos,karen.santos58@email.com,São José dos Campos,SP,Sudeste,P006,Headset Gamer,Periféricos,WhatsApp,Ana Lima,1,289.90,0.10,158.00,Concluído,PIX,5
V001284,2025-07-03,C0034,Eduarda Gomes,eduarda.gomes34@email.com,Niterói,RJ,Sudeste,P014,Air Fryer 5L,Eletroportáteis,e-commerce,Bruno Rocha,4,599.90,0.05,330.00,Concluído,PIX,5
V001285,2025-07-18,C0399,Vinícius Silva,vinicius.silva11@email.com,Manaus,AM,Norte,P004,Mouse Sem Fio,Periféricos,market place,Diego Alves,1,129.90,0.00,62.00,Concluído,Cartão de Débito,5
V001286,2025-04-16,C0351,Gabriela Gomes,gabriela.gomes60@email.com,Rio de Janeiro,RJ,Sudeste,P010,Smart TV 55,Eletrônicos,E-commerce,Carla Mendes,1,2899.90,0.00,2070.00,Em transporte,Cartão de Débito,
V001287,2025/06/25,C0437,Olívia Lima,olivia.lima49@email.com,Campinas,SP,Sudeste,P006,Headset Gamer,Periféricos,E-commerce,Gustavo Nunes,5,289.90,0.05,158.00,Devolvido,Cartão de Débito,
V001288,2025-10-03,C0118,Bruno Almeida,bruno.almeida21@email.com,Salvador,BA,Nordeste,P009,Tablet 10,Telefonia,WhatsApp,Fernanda Souza,1,1899.90,0.00,1370.00,Concluído,Boleto,4
V001289,2026-04-06,C0158,Isabela Nascimento,isabela.nascimento61@email.com,Brasília,DF,Centro-Oeste,P014,Air Fryer 5L,Eletroportáteis,WhatsApp,Helena Prado,1,599.90,0.05,330.00,Concluído,Boleto,5
V001290,2025-05-24,C0234,Henrique Santos,henrique.santos40@email.com,Duque de Caxias,RJ,Sudeste,P009,Tablet 10,Telefonia,Loja Física,Diego Alves,1,1899.90,0.15,1370.00,Concluído,Boleto,4
V001291,2025-01-25,C0165,Olívia Rodrigues,olivia.rodrigues68@email.com,Fortaleza,CE,Nordeste,P014,Air Fryer 5L,Eletroportáteis,WhatsApp,Gustavo Nunes,2,599.90,0.15,330.00,Concluído,Cartão de Débito,4
V001292,2025-10-08,C0055,Ana Lima,ana.lima55@email.com,Pelotas,RS,Sul,P003,Monitor 27 IPS,Informática,E-commerce,Carla Mendes,1,1299.90,0.05,890.00,Devolvido,Cartão de Débito,
V001293,2025-02-17,C0400,Olívia Gomes,olivia.gomes12@email.com,Joinville,SC,Sul,P013,Cafeteira Premium,,WhatsApp,Diego Alves,1,449.90,0.10,250.00,Cancelado,Cartão de Débito,
V001294,2025-03-02,C0052,João Rodrigues,joao.rodrigues52@email.com,Maringá,PR,Sul,P002,Notebook Air 14,Informática,Marketplace,Fernanda Souza,1,3299.90,0.05,2480.00,Concluído,Cartão de Débito,2
V001295,2025-05-18,C0384,Vinícius Pereira,vinicius.pereira93@email.com,Joinville,SC,Sul,P003,Monitor 27 IPS,Informática,Marketplace,Helena Prado,3,1299.90,0.20,890.00,Concluído,Boleto,
V001296,2025-07-24,C0288,Henrique Lima,henrique.lima94@email.com,Ananindeua,PA,Norte,P003,Monitor 27 IPS,Informática,WhatsApp,Diego Alves,1,1299.90,0.10,890.00,Em transporte,Boleto,
V001297,2026-07-25,C0272,Paulo Santos,paulo.santos78@email.com,Belém,PA,Norte,P010,Smart TV 55,Eletrônicos,Loja Física,Carla Mendes,2,2899.90,0.00,2070.00,Em transporte,Boleto,
V001298,2026-01-05,C0396,Karen Oliveira,karen.oliveira8@email.com,Olinda,PE,Nordeste,P015,Aspirador Vertical,Eletroportáteis,loja física,Carla Mendes,1,749.90,0.00,420.00,Concluído,Boleto,4
V001299,2025-07-23,C0347,Olívia Almeida,olivia.almeida56@email.com,Curitiba,PR,Sul,P009,Tablet 10,Telefonia,Marketplace,Ana Lima,1,1899.90,0.15,1370.00,Concluído,Cartão de Débito,5
V001300,2026-05-14,C0409,Nicolas Oliveira,nicolas.oliveira21@email.com,Belém,PA,Norte,P002,Notebook Air 14,Informática,Loja Física,Gustavo Nunes,1,3299.90,0.05,2480.00,Concluído,Boleto,5
V001301,2026-07-06,C0252,Mariana Pereira,,Blumenau,SC,Sul,P010,Smart TV 55,eletronicos,Marketplace,Bruno Rocha,2,2899.90,0.10,2070.00,Concluído,Cartão de Crédito,5
V001302,2026-06-29,C0082,Renata Oliveira,renata.oliveira82@email.com,Fortaleza,CE,Nordeste,P017,Mesa Escritório,Móveis,Loja Física,Igor Martins,2,899.90,0.00,540.00,Em transporte,Cartão de Crédito,
V001303,2026-03-18,C0419,Talita Rodrigues,talita.rodrigues31@email.com,Vitória da Conquista,BA,Nordeste,P009,Tablet 10,Telefonia,WhatsApp,Igor Martins,3,1899.90,0.15,1370.00,Concluído,Cartão de Crédito,4
V001304,2025-07-06,C0332,Mariana Silva,mariana.silva41@email.com,Manaus,AM,Norte,P011,Smart TV 43,Eletrônicos,WhatsApp,Helena Prado,3,1999.90,0.05,1420.00,Cancelado,Boleto,
V001305,2025-01-07,C0320,Henrique Lima,henrique.lima29@email.com,Joinville,SC,Sul,P013,Cafeteira Premium,Eletroportáteis,Loja Física,Ana Lima,1,449.90,0.05,250.00,Concluído,PIX,4
V001306,2025-12-01,C0273,Vinícius Souza,vinicius.souza79@email.com,Brasília,DF,Centro-Oeste,P015,Aspirador Vertical,Eletroportáteis,E-commerce,Gustavo Nunes,4,749.90,0.15,420.00,Em transporte,PIX,
V001307,2025-07-13,C0396,Karen Oliveira,karen.oliveira8@email.com,Olinda,PE,Nordeste,P005,Teclado Mecânico,Periféricos,E-commerce,Fernanda Souza,1,349.90,0.00,195.00,Cancelado,Cartão de Crédito,
V001308,2025-05-11,C0277,João Nascimento,joao.nascimento83@email.com,Caruaru,PE,Nordeste,P012,Soundbar 2.1,Eletrônicos,Loja Física,Gustavo Nunes,3,899.90,0.00,530.00,Devolvido,PIX,
V001309,2025-07-26,C0156,Olívia Oliveira,olivia.oliveira59@email.com,Sobral,CE,Nordeste,P006,Headset Gamer,Periféricos,WhatsApp,Fernanda Souza,1,289.90,0.00,158.00,Em transporte,Boleto,
V001310,2025-01-28,C0071,Samuel Santos,samuel.santos71@email.com,Manaus,AM,Norte,P015,Aspirador Vertical,Eletroportáteis,Loja Física,Helena Prado,1,749.90,0.20,420.00,Devolvido,PIX,
V001311,2026-01-25,C0026,Karen Rodrigues,karen.rodrigues26@email.com,Manaus,AM,Norte,P015,Aspirador Vertical,Telefonia,WhatsApp,Helena Prado,1,749.90,0.20,420.00,Concluído,Cartão de Crédito,
V001312,2025-04-06,C0090,João Almeida,joao.almeida90@email.com,Juiz de Fora,MG,Sudeste,P017,Mesa Escritório,Móveis,Loja Física,Carla Mendes,2,899.90,0.00,540.00,Concluído,Boleto,
V001313,2025-11-21,C0213,Henrique Pereira,henrique.pereira19@email.com,Santarém,PA,Norte,P007,Smartphone X,Telefonia,E-commerce,Bruno Rocha,3,2799.90,0.00,2050.00,Concluído,Cartão de Crédito,4
V001314,2026-04-13,C0009,Felipe Ribeiro,felipe.ribeiro9@email.com,Manaus,AM,Norte,P001,Notebook Pro 15,Informática,WhatsApp,Helena Prado,1,4599.90,0.20,3480.00,devolvido,Boleto,4
V001315,2025-11-14,C0429,Karen Oliveira,karen.oliveira41@email.com,Brasília,DF,Centro-Oeste,P003,Monitor 27 IPS,Informática,WhatsApp,Fernanda Souza,1,1299.90,0.15,890.00,Concluído,Cartão de Débito,5
V001316,2025-01-17,C0141,Gabriela Nascimento,gabriela.nascimento44@email.com,Olinda,PE,Nordeste,P011,Smart TV 43,Eletrônicos,Loja Física,Carla Mendes,3,1999.90,0.00,1420.00,Cancelado,Cartão de Crédito,
V001317,2025-05-12,C0266,Mariana Nascimento,mariana.nascimento72@email.com,Rio de Janeiro,RJ,Sudeste,P005,Teclado Mecânico,Periféricos,E-commerce,Igor Martins,2,349.90,0.00,195.00,Cancelado,PIX,
V001318,2025-10-28,C0191,Talita Ribeiro,talita.ribeiro94@email.com,Niterói,RJ,Sudeste,P014,Air Fryer 5L,Eletroportáteis,E-commerce,Helena Prado,1,599.90,0.10,330.00,Concluído,Boleto,3
V001319,2025-04-23,C0403,Nicolas Santos,nicolas.santos15@email.com,Caxias do Sul,RS,Sul,P006,Headset Gamer,Periféricos,Loja Física,Igor Martins,1,289.90,0.05,158.00,Devolvido,Boleto,
V001320,2025-09-29,C0319,Bruno Lima,bruno.lima28@email.com,Brasília,DF,Centro-Oeste,P011,Smart TV 43,Eletrônicos,Loja Física,Ana Lima,1,1999.90,0.05,1420.00,Concluído,Cartão de Débito,3
V001321,2025-02-17,C0277,João Nascimento,joao.nascimento83@email.com,Caruaru,PE,Nordeste,P013,Cafeteira Premium,Eletroportáteis,E-commerce,Carla Mendes,1,449.90,0.00,250.00,Concluído,Cartão de Débito,0
V001322,2025-03-09,C0058,Karen Santos,karen.santos58@email.com,São José dos Campos,SP,Sudeste,P016,Cadeira Office,Móveis,WhatsApp,Helena Prado,3,1099.90,0.10,690.00,Concluído,Cartão de Crédito,3
V001323,2025-11-15,C0244,Henrique Pereira,henrique.pereira50@email.com,Santos,SP,Sudeste,P016,Cadeira Office,Móveis,Marketplace,Carla Mendes,1,1099.90,0.10,690.00,Concluído,Cartão de Crédito,
V001324,2026-05-05,C0253,Paulo Almeida,paulo.almeida59@email.com,Fortaleza,CE,Nordeste,P007,Smartphone X,Telefonia,E-commerce,Diego Alves,1,2799.90,0.20,2050.00,Concluído,Cartão de Crédito,4
V001325,2025-04-08,C0368,Olívia Santos,olivia.santos77@email.com,Recife,PE,Nordeste,P013,Cafeteira Premium,Eletroportáteis,Marketplace,Bruno Rocha,1,449.90,0.00,250.00,Concluído,Boleto,4
V001326,2026-04-19,C0343,Samuel Rodrigues,samuel.rodrigues52@email.com,Santarém,PA,Norte,P017,Mesa Escritório,Móveis,Marketplace,Carla Mendes,1,899.90,0.00,540.00,Devolvido,PIX,
V001327,2025-02-05,C0383,Nicolas Ribeiro,nicolas.ribeiro92@email.com,Brasília,DF,Centro-Oeste,P013,Cafeteira Premium,Eletroportáteis,Loja Física,Diego Alves,5,449.90,0.00,250.00,Concluído,PIX,1
V001328,2025-06-15,C0204,Mariana Costa,mariana.costa10@email.com,Brasília,DF,Centro-Oeste,P011,Smart TV 43,Eletrônicos,Loja Física,Igor Martins,1,1999.90,0.00,1420.00,Concluído,Cartão de Débito,
V001329,2026-04-08,C0110,Eduarda Silva,eduarda.silva13@email.com,Feira de Santana,BA,Nordeste,P015,Aspirador Vertical,Eletroportáteis,Marketplace,Igor Martins,1,749.90,0.00,420.00,Devolvido,Boleto,
V001330,2025-12-12,C0096,João Lima,joao.lima96@email.com,Sobral,CE,Nordeste,P009,Tablet 10,Telefonia,Marketplace,Igor Martins,2,1899.90,0.05,1370.00,Devolvido,Cartão de Crédito,
V001331,2025-12-17,C0391,João Costa,joao.costa3@email.com,Joinville,SC,Sul,P017,Mesa Escritório,Móveis,Marketplace,Bruno Rocha,2,899.90,0.05,540.00,Devolvido,Cartão de Crédito,
V001332,2026-07-11,C0065,Bruno Gomes,bruno.gomes65@email.com,Santarém,PA,Norte,P004,Mouse Sem Fio,Periféricos,E-commerce,Igor Martins,3,129.90,0.00,62.00,EM TRANSPORTE,Boleto,
V001333,2025-05-10,C0448,Isabela Ribeiro,isabela.ribeiro60@email.com,Blumenau,SC,Sul,P012,Soundbar 2.1,Eletrônicos,Marketplace,Igor Martins,1,899.90,0.00,530.00,Em transporte,PIX,
V001334,2026-02-12,C0420,Mariana Pereira,mariana.pereira32@email.com,Petrópolis,RJ,Sudeste,P017,Mesa Escritório,Móveis,E-commerce,Carla Mendes,3,899.90,0.00,540.00,Em transporte,Cartão de Crédito,
V001335,2025-07-23,C0376,Daniel Costa,daniel.costa85@email.com,Ananindeua,PA,Norte,P012,Soundbar 2.1,Eletrônicos,E-commerce,Equipe Digital,1,899.90,0.20,530.00,Cancelado,Boleto,
V001336,2026-07-07,C0118,Bruno Almeida,bruno.almeida21@email.com,Salvador,BA,Nordeste,P017,Mesa Escritório,Móveis,E-commerce,Gustavo Nunes,1,899.90,0.15,540.00,Concluído,PIX,
V001337,2025-06-05,C0277,João Nascimento,joao.nascimento83@email.com,Caruaru,PE,Nordeste,P014,Air Fryer 5L,Eletroportáteis,E-commerce,Fernanda Souza,1,599.90,0.05,330.00,Concluído,Cartão de Débito,5
V001338,2026-05-03,C0240,Isabela Gomes,isabela.gomes46@email.com,Curitiba,PR,Sul,P011,Smart TV 43,Eletrônicos,E-commerce,Fernanda Souza,1,1999.90,0.00,1420.00,Devolvido,Boleto,
V001339,2025-08-02,C0376,Daniel Costa,daniel.costa85@email.com,Ananindeua,PA,,P003,Monitor 27 IPS,Informática,Loja Física,Helena Prado,1,1299.90,0.05,890.00,Em transporte,PIX,
V001340,2025-09-06,C0201,Talita Pereira,talita.pereira7@email.com,Feira de Santana,BA,Nordeste,P006,Headset Gamer,perifericos,WhatsApp,Helena Prado,2,289.90,0.00,158.00,Em transporte,Boleto,
V001341,2025-03-14,C0116,Karen Rodrigues,karen.rodrigues19@email.com,UBERLÂNDIA,MG,Sudeste,P009,Tablet 10,Telefonia,E-commerce,Helena Prado,1,1899.90,0.15,1370.00,Cancelado,PIX,
V001342,2025-07-30,C0228,Ana Lima,ana.lima34@email.com,Petrópolis,RJ,Sudeste,P005,Teclado Mecânico,Periféricos,Marketplace,Gustavo Nunes,1,349.90,0.00,195.00,Cancelado,Boleto,
V001343,2026-06-21,C0053,Lucas Almeida,lucas.almeida53@email.com,Brasília,DF,Centro-Oeste,P016,Cadeira Office,Móveis,E-commerce,Igor Martins,1,1099.90,0.00,690.00,Cancelado,Cartão de Débito,
V001344,2025-06-07,C0037,Isabela Nascimento,isabela.nascimento37@email.com,Fortaleza,CE,Nordeste,P011,Smart TV 43,Eletrônicos,Marketplace,Ana Lima,1,1999.90,0.00,1420.00,Concluído,Cartão de Débito,5
V001345,2025-06-22,C0449,Eduarda Costa,eduarda.costa61@email.com,Goiânia,GO,Centro-Oeste,P016,Cadeira Office,Móveis,Marketplace,Diego Alves,1,1099.90,0.00,690.00,Devolvido,Boleto,
V001346,2025-09-05,C0446,Karen Santos,karen.santos58@email.com,Manaus,AM,Norte,P016,Cadeira Office,Móveis,WhatsApp,Helena Prado,1,1099.90,0.00,690.00,Em transporte,Boleto,
V001347,2025-10-10,C0129,Nicolas Silva,nicolas.silva32@email.com,São José dos Campos,SP,Sudeste,P017,Mesa Escritório,Móveis,Marketplace,Helena Prado,2,899.90,0.00,540.00,Concluído,Cartão de Crédito,2
V001348,2025-04-14,C0366,Ana Silva,ana.silva75@email.com,Brasília,DF,Centro-Oeste,P016,Cadeira Office,Móveis,E-commerce,Igor Martins,1,1099.90,0.05,690.00,Devolvido,Boleto,
V001349,2025-04-17,C0400,Olívia Gomes,olivia.gomes12@email.com,Joinville,SC,Sul,P016,Cadeira Office,Móveis,WhatsApp,Helena Prado,1,1099.90,0.00,690.00,Cancelado,Cartão de Crédito,
V001350,2025-04-08,C0061,Talita Almeida,talita.almeida61@email.com,Goiânia,GO,Centro-Oeste,P008,Smartphone Lite,Telefonia,Marketplace,Helena Prado,3,1599.90,0.15,1160.00,Devolvido,BOLETO,
V001351,2025-12-22,C0332,Mariana Silva,mariana.silva41@email.com,Manaus,AM,Norte,P015,Aspirador Vertical,Eletroportáteis,WhatsApp,Ana Lima,4,749.90,0.20,420.00,Em transporte,Cartão de Débito,
V001352,2025-01-27,C0111,Bruno Costa,bruno.costa14@email.com,Porto Alegre,RS,Sul,P006,Headset Gamer,Periféricos,Loja Física,Gustavo Nunes,1,289.90,0.05,158.00,Em transporte,Cartão de Crédito,
V001353,2026-04-13,C0435,Vinícius Lima,vinicius.lima47@email.com,Duque de Caxias,RJ,Sudeste,P009,Tablet 10,Telefonia,Marketplace,Gustavo Nunes,1,1899.90,0.00,1370.00,Concluído,Cartão de Crédito,5
V001354,2025-11-29,C0235,Vinícius Lima,vinicius.lima41@email.com,Goiânia,GO,Centro-Oeste,P009,Tablet 10,Telefonia,E-commerce,Diego Alves,2,1899.90,0.20,1370.00,Cancelado,Boleto,
V001355,2026-02-15,C0386,Paulo Souza,paulo.souza95@email.com,Belo Horizonte,MG,Sudeste,P012,Soundbar 2.1,Eletrônicos,E-commerce,Igor Martins,3,899.90,0.00,530.00,Concluído,PIX,
V001356,2025-11-21,C0425,Isabela Souza,isabela.souza37@email.com,Uberlândia,MG,Sudeste,P010,Smart TV 55,Eletrônicos,Loja Física,Bruno Rocha,2,2899.90,0.00,2070.00,Cancelado,Cartão de Débito,
V001357,2025-07-10,C0388,Isabela Lima,isabela.lima0@email.com,Manaus,AM,Norte,P013,Cafeteira Premium,Eletroportáteis,E-commerce,Fernanda Souza,3,449.90,0.05,250.00,Concluído,Cartão de Débito,4
V001358,2026-01-06,C0387,Samuel Costa,samuel.costa96@email.com,Porto Alegre,RS,Sul,P006,Headset Gamer,Periféricos,E-commerce,Gustavo Nunes,1,289.90,0.00,158.00,Cancelado,Boleto,
V001359,2026-06-03,C0359,Henrique Lima,henrique.lima68@email.com,Caxias do Sul,RS,Sul,P018,Estante Modular,Móveis,Marketplace,Carla Mendes,1,649.90,0.15,380.00,Concluído,Cartão de Crédito,4
V001360,2025-04-03,C0365,Renata Pereira,renata.pereira74@email.com,Sorocaba,SP,Sudeste,P013,Cafeteira Premium,Eletroportáteis,loja física,Carla Mendes,2,449.90,0.10,250.00,Concluído,PIX,5
V001361,2026-01-30,C0054,Henrique Souza,henrique.souza54@email.com,Rio de Janeiro,RJ,Sudeste,P010,Smart TV 55,Eletrônicos,Loja Física,Gustavo Nunes,6,2899.90,0.05,2070.00,Em transporte,Cartão de Crédito,
V001362,2025-09-09,C0281,Eduarda Santos,eduarda.santos87@email.com,Ananindeua,PA,Norte,P005,Teclado Mecânico,PERIFÉRICOS,Marketplace,Ana Lima,1,349.90,0.20,195.00,Devolvido,PIX,
V001363,2025-09-09,C0449,Eduarda Costa,eduarda.costa61@email.com,Goiânia,GO,Centro-Oeste,P008,Smartphone Lite,Telefonia,WhatsApp,Diego Alves,1,1599.90,0.00,1160.00,Concluído,Cartão de Débito,1
V001364,2026-03-26,C0213,Henrique Pereira,henrique.pereira19@email.com,Santarém,PA,Norte,P018,Estante Modular,Móveis,E-commerce,Helena Prado,1,649.90,0.10,380.00,Cancelado,Cartão de Débito,
V001365,2026-02-01,C0383,Nicolas Ribeiro,nicolas.ribeiro92@email.com,Brasília,DF,Centro-Oeste,P009,Tablet 10,Telefonia,Marketplace,Fernanda Souza,1,1899.90,0.00,1370.00,Concluído,Boleto,4
V001366,2025-03-20,C0355,Karen Oliveira,karen.oliveira64@email.com,Maringá,PR,Sul,P005,Teclado Mecânico,Periféricos,Marketplace,Diego Alves,3,349.90,0.10,195.00,Concluído,Cartão de Débito,2
V001367,2026-07-03,C0161,Karen Nascimento,karen.nascimento64@email.com,Porto Alegre,RS,Sul,P004,Mouse Sem Fio,Periféricos,E-COMMERCE,Gustavo Nunes,2,129.90,0.15,62.00,Cancelado,PIX,
V001368,2026-04-22,C0138,Samuel Silva,samuel.silva41@email.com,Feira de Santana,BA,Nordeste,P002,Notebook Air 14,Informática,WhatsApp,Igor Martins,1,3299.90,0.05,2480.00,Concluído,Cartão de Crédito,3
V001369,2026-07-28,C0230,Bruno Pereira,bruno.pereira36@email.com,Contagem,MG,Sudeste,P018,Estante Modular,Móveis,Loja Física,Gustavo Nunes,1,649.90,0.15,380.00,Concluído,Boleto,2
V001370,2025-03-08,C0369,Vinícius Oliveira,vinicius.oliveira78@email.com,Porto Alegre,RS,Sul,P009,Tablet 10,Telefonia,Marketplace,Ana Lima,2,1899.90,0.05,1370.00,Concluído,Cartão de Débito,3
V001371,2025-08-09,C0339,Nicolas Santos,nicolas.santos48@email.com,Brasília,DF,Centro-Oeste,P015,Aspirador Vertical,Eletroportáteis,Marketplace,Fernanda Souza,1,749.90,0.10,420.00,Em transporte,Cartão de Débito,
V001372,2025-05-28,C0393,Mariana Santos,mariana.santos5@email.com,Brasília,DF,Centro-Oeste,P018,Estante Modular,Móveis,Marketplace,Ana Lima,5,649.90,0.00,380.00,Devolvido,PIX,
V001373,2025-05-03,C0397,Karen Lima,karen.lima9@email.com,Blumenau,SC,Sul,P003,Monitor 27 IPS,Informática,Loja Física,Helena Prado,2,1299.90,0.15,890.00,Concluído,PIX,4
V001374,2025-07-05,C0016,Gabriela Ribeiro,gabriela.ribeiro16@email.com,Goiânia,GO,Centro-Oeste,P016,Cadeira Office,Móveis,Loja Física,Gustavo Nunes,1,1099.90,0.05,690.00,Cancelado,Cartão de Débito,
V001375,2026-02-22,C0196,Nicolas Almeida,nicolas.almeida2@email.com,São Paulo,SP,Sudeste,P016,Cadeira Office,Móveis,E-commerce,Gustavo Nunes,1,"R$ 1.099,90",0.00,690.00,Concluído,Cartão de Débito,3
V001376,2025-09-16,C0256,Henrique Gomes,henrique.gomes62@email.com,Rio de Janeiro,RJ,Sudeste,P003,Monitor 27 IPS,Informática,E-commerce,Fernanda Souza,1,1299.90,0.00,890.00,Concluído,Boleto,2
V001377,2026-04-08,C0385,Talita Nascimento,talita.nascimento94@email.com,Niterói,RJ,Sudeste,P004,Mouse Sem Fio,Periféricos,Marketplace,Ana Lima,3,129.90,0.00,62.00,Cancelado,Cartão de Crédito,
V001378,2026-01-18,C0049,Paulo Nascimento,paulo.nascimento49@email.com,Uberlândia,MG,Sudeste,P006,Headset Gamer,Periféricos,Loja Física,Ana Lima,1,289.90,0.05,158.00,Concluído,Boleto,1
V001379,2025-03-13,C0089,Henrique Pereira,henrique.pereira89@email.com,Caxias do Sul,RS,Sul,P007,Smartphone X,Telefonia,WhatsApp,Carla Mendes,1,"R$ 2.799,90",0.00,2050.00,Concluído,Boleto,3
V001380,2025-07-01,C0226,Bruno Nascimento,bruno.nascimento32@email.com,Santos,SP,Sudeste,P006,Headset Gamer,Periféricos,E-commerce,Igor Martins,1,289.90,0.00,158.00,Cancelado,Cartão de Crédito,
V001381,2025-11-16,C0150,Eduarda Gomes,eduarda.gomes53@email.com,Maringá,PR,Sul,P004,Mouse Sem Fio,Periféricos,Marketplace,Carla Mendes,2,129.90,0.00,62.00,Concluído,PIX,5
V001382,2025-06-08,C0314,João Souza,joao.souza23@email.com,Olinda,PE,Nordeste,P011,Smart TV 43,Eletrônicos,WhatsApp,Helena Prado,2,1999.90,0.00,1420.00,Devolvido,Cartão de Crédito,
V001383,2025-12-13,C0127,Karen Rodrigues,karen.rodrigues30@email.com,Manaus,AM,Norte,P012,Soundbar 2.1,Eletrônicos,E-commerce,,5,899.90,0.05,530.00,Concluído,Cartão de Crédito,5
V001384,2026-01-02,C0031,Talita Rodrigues,talita.rodrigues31@email.com,Santarém,PA,Norte,P016,Cadeira Office,Móveis,Loja Física,Bruno Rocha,2,1099.90,0.00,690.00,Cancelado,Cartão de Débito,
V001385,2026-07-14,C0330,Henrique Gomes,henrique.gomes39@email.com,Contagem,MG,Sudeste,P007,Smartphone X,Telefonia,Marketplace,Gustavo Nunes,1,2799.90,0.20,2050.00,Concluído,pix,4
V001386,2026-02-18,C0223,Gabriela Pereira,gabriela.pereira29@email.com,Niterói,RJ,Sudeste,P013,Cafeteira Premium,Eletroportáteis,Loja Física,Igor Martins,1,449.90,0.00,250.00,Concluído,Cartão de Débito,5
V001387,2026-02-03,C0157,Olívia Pereira,olivia.pereira60@email.com,Recife,PE,Nordeste,P016,Cadeira Office,Móveis,Marketplace,Ana Lima,1,1099.90,0.00,690.00,Concluído,Boleto,2
V001388,2026-07-10,C0089,Henrique Pereira,henrique.pereira89@email.com,Caxias do Sul,RS,Sul,P011,Smart TV 43,Eletrônicos,Loja Física,Ana Lima,1,1999.90,0.00,1420.00,Concluído,Boleto,4
V001389,2026-07-05,C0027,Gabriela Lima,gabriela.lima27@email.com,Petrópolis,RJ,Sudeste,P014,Air Fryer 5L,Eletroportáteis,E-commerce,Equipe Digital,1,599.90,0.15,330.00,Concluído,Cartão de Crédito,4
V001390,2026-04-14,C0096,João Lima,joao.lima96@email.com,Sobral,CE,Nordeste,P008,Smartphone Lite,Telefonia,Marketplace,Bruno Rocha,2,1599.90,0.05,1160.00,Concluído,Cartão de Crédito,
V001391,2025-02-16,C0196,Nicolas Almeida,,São Paulo,SP,Sudeste,P007,Smartphone X,Telefonia,Loja Física,Fernanda Souza,1,2799.90,0.00,2050.00,Devolvido,Boleto,
V001392,2025-07-01,C0200,Samuel Almeida,samuel.almeida6@email.com,Anápolis,GO,Centro-Oeste,P008,Smartphone Lite,Telefonia,Marketplace,Helena Prado,1,1599.90,0.00,1160.00,Cancelado,PIX,
V001393,2025-09-22,C0217,Isabela Pereira,isabela.pereira23@email.com,Olinda,PE,Nordeste,P010,Smart TV 55,Eletrônicos,E-commerce,Fernanda Souza,1,2899.90,0.00,2070.00,Concluído,Cartão de Débito,5
V001394,2025-10-12,C0432,Renata Santos,renata.santos44@email.com,Caxias do Sul,RS,Sul,P007,Smartphone X,Telefonia,WhatsApp,Fernanda Souza,2,2799.90,0.15,2050.00,Devolvido,Cartão de Débito,
V001395,2025-02-12,C0357,Isabela Oliveira,isabela.oliveira66@email.com,Fortaleza,CE,Nordeste,P015,Aspirador Vertical,Eletroportáteis,E-commerce,Diego Alves,1,749.90,0.00,420.00,Concluído,Cartão de Débito,3
V001396,2025-03-10,C0094,Lucas Santos,lucas.santos94@email.com,Uberlândia,MG,Sudeste,P018,Estante Modular,Móveis,Marketplace,Carla Mendes,4,649.90,0.00,380.00,Devolvido,Cartão de Débito,
V001397,2025-10-19,C0275,Camila Souza,camila.souza81@email.com,Salvador,BA,Nordeste,P010,Smart TV 55,Eletrônicos,Marketplace,Fernanda Souza,1,2899.90,0.00,2070.00,Concluído,Cartão de Crédito,4
V001398,2026-07-23,C0434,João Santos,joao.santos46@email.com,Pelotas,RS,Sul,P016,Cadeira Office,Móveis,E-commerce,Carla Mendes,1,1099.90,0.00,690.00,Concluído,Cartão de Crédito,5
V001399,2025-04-25,C0118,Bruno Almeida,bruno.almeida21@email.com,Salvador,BA,Nordeste,P002,Notebook Air 14,informatica,WhatsApp,Carla Mendes,1,3299.90,0.15,2480.00,Em transporte,Cartão de Crédito,
V001400,2025-09-05,C0224,Felipe Pereira,felipe.pereira30@email.com,Porto Alegre,RS,Sul,P012,Soundbar 2.1,Eletrônicos,WhatsApp,Carla Mendes,1,899.90,0.20,"R$ 530,00",Concluído,PIX,5
V001401,2025-08-04,C0372,Renata Lima,renata.lima81@email.com,Olinda,PE,Nordeste,P011,Smart TV 43,Eletrônicos,Loja Física,,4,1999.90,0.00,1420.00,Em transporte,Boleto,
V001402,2025-06-29,C0180,Ana Ribeiro,ana.ribeiro83@email.com,Caruaru,PE,Nordeste,P015,Aspirador Vertical,Eletroportáteis,E-commerce,Ana Lima,1,749.90,0.00,420.00,Concluído,Cartão de Crédito,5
V001403,2025-08-19,C0095,João Oliveira,joao.oliveira95@email.com,Caxias do Sul,RS,Sul,P007,Smartphone X,,Marketplace,Igor Martins,1,2799.90,0.05,2050.00,Concluído,Boleto,4
V001404,2026-07-25,C0083,Camila Oliveira,camila.oliveira83@email.com,Fortaleza,CE,Nordeste,P005,Teclado Mecânico,Periféricos,Marketplace,Ana Lima,1,349.90,0.00,195.00,Concluído,Cartão de Crédito,5
V001405,2025-06-23,C0371,Vinícius Nascimento,vinicius.nascimento80@email.com,Feira de Santana,BA,Nordeste,P011,Smart TV 43,Eletrônicos,Marketplace,Ana Lima,1,1999.90,0.00,1420.00,Devolvido,cartão débito,
V001406,2025-01-07,C0196,Nicolas Almeida,nicolas.almeida2@email.com,São Paulo,SP,Sudeste,P001,Notebook Pro 15,Informática,Loja Física,Helena Prado,2,4599.90,0.00,3480.00,Em transporte,PIX,
V001407,2025-02-06,C0289,Nicolas Silva,nicolas.silva95@email.com,Londrina,PR,Sul,P018,Estante Modular,Móveis,Loja Física,Ana Lima,2,649.90,0.05,380.00,Cancelado,Cartão de Débito,
V001408,2025-10-17,C0352,Karen Souza,karen.souza61@email.com,Campinas,SP,Sudeste,P013,Cafeteira Premium,Eletroportáteis,WhatsApp,Diego Alves,2,449.90,0.10,250.00,Concluído,BOLETO,4
V001409,2026-05-06,C0079,Bruno Lima,bruno.lima79@email.com,Maringá,PR,Sul,P015,Aspirador Vertical,Eletroportáteis,Marketplace,Diego Alves,1,749.90,0.15,420.00,Devolvido,PIX,
V001410,2026-02-02,C0132,Vinícius Costa,vinicius.costa35@email.com,Pelotas,RS,Sul,P006,Headset Gamer,Periféricos,Marketplace,Ana Lima,1,289.90,0.00,158.00,Concluído,BOLETO,1
V001411,2026-02-25,C0364,Renata Souza,,Caruaru,PE,Nordeste,P018,Estante Modular,Móveis,E-commerce,Helena Prado,1,649.90,0.15,380.00,Concluído,Cartão de Débito,4
V001412,2026-03-08,C0214,Lucas Almeida,lucas.almeida20@email.com,Aparecida de Goiânia,GO,Centro-Oeste,P015,Aspirador Vertical,Eletroportáteis,WhatsApp,Igor Martins,5,749.90,0.05,420.00,Concluído,Boleto,4
V001413,2026-02-13,C0069,Nicolas Oliveira,nicolas.oliveira69@email.com,Juiz de Fora,MG,Sudeste,P017,Mesa Escritório,Móveis,E-commerce,Diego Alves,1,899.90,0.00,540.00,Cancelado,PIX,
V001414,2026-01-08,C0238,Talita Lima,talita.lima44@email.com,Florianópolis,SC,Sul,P018,Estante Modular,Móveis,WhatsApp,Gustavo Nunes,2,649.90,0.00,380.00,Concluído,Cartão de Débito,3
V001415,2025-04-22,C0278,Nicolas Almeida,nicolas.almeida84@email.com,Joinville,SC,Sul,P015,Aspirador Vertical,Eletroportáteis,Marketplace,Helena Prado,1,749.90,0.00,420.00,Concluído,PIX,5
V001416,2026-01-29,C0265,Karen Pereira,karen.pereira71@email.com,Petrópolis,RJ,Sudeste,P014,Air Fryer 5L,Eletroportáteis,E-commerce,Igor Martins,1,599.90,0.00,330.00,Concluído,PIX,
V001417,2025-10-07,C0382,Daniel Rodrigues,daniel.rodrigues91@email.com,Caxias do Sul,RS,Sul,P005,Teclado Mecânico,Periféricos,WhatsApp,Diego Alves,1,349.90,0.00,195.00,Concluído,PIX,4
V001418,2026-05-14,C0162,Eduarda Souza,eduarda.souza65@email.com,Contagem,MG,Sudeste,P017,Mesa Escritório,Móveis,Loja Física,Bruno Rocha,2,899.90,0.00,540.00,Concluído,Cartão de Crédito,1
V001419,2025-12-06,C0437,Olívia Lima,olivia.lima49@email.com,Campinas,SP,Sudeste,P003,Monitor 27 IPS,Informática,Marketplace,Gustavo Nunes,1,1299.90,0.00,890.00,Concluído,Cartão de Crédito,4
V001420,2026-01-07,C0320,Henrique Lima,henrique.lima29@email.com,Joinville,SC,Sul,P011,Smart TV 43,Eletrônicos,WhatsApp,Igor Martins,1,1999.90,0.00,1420.00,Concluído,Cartão de Crédito,4
V001421,2026-07-30,C0082,Renata Oliveira,renata.oliveira82@email.com,Fortaleza,CE,Nordeste,P005,Teclado Mecânico,perifericos,E-commerce,Helena Prado,1,349.90,0.10,195.00,Concluído,Cartão de Débito,3
V001422,2025-10-15,C0354,Samuel Souza,samuel.souza63@email.com,Manaus,AM,Norte,P008,Smartphone Lite,Telefonia,Loja Física,Carla Mendes,4,1599.90,0.00,1160.00,Em transporte,Cartão de Crédito,
V001423,2025-05-19,C0196,Nicolas Almeida,nicolas.almeida2@email.com,São Paulo,SP,Sudeste,P016,Cadeira Office,Móveis,WhatsApp,Igor Martins,1,1099.90,0.00,690.00,Cancelado,Boleto,
V001424,2026-03-28,C0300,João Souza,joao.souza9@email.com,Brasília,DF,Centro-Oeste,P006,Headset Gamer,Periféricos,WhatsApp,Ana Lima,5,289.90,0.15,158.00,Cancelado,Boleto,
V001425,2025-12-14,C0044,LUCAS OLIVEIRA,lucas.oliveira44@email.com,Belo Horizonte,MG,Sudeste,P012,Soundbar 2.1,Eletrônicos,Loja Física,Carla Mendes,1,899.90,0.00,530.00,Devolvido,Cartão de Débito,
V001426,2025-06-03,C0057,Bruno Souza,bruno.souza57@email.com,Rio de Janeiro,RJ,Sudeste,P007,Smartphone X,Telefonia,Marketplace,Fernanda Souza,2,2799.90,0.20,2050.00,Concluído,Cartão de Débito,4
V001427,2025-01-17,C0319,Bruno Lima,bruno.lima28@email.com,Brasília,DF,Centro-Oeste,P014,Air Fryer 5L,Eletroportáteis,E-commerce,Gustavo Nunes,3,599.90,0.00,330.00,Cancelado,Boleto,
V001428,2026-06-17,C0013,Isabela Silva,isabela.silva13@email.com,Aparecida de Goiânia,GO,,P016,Cadeira Office,Móveis,Marketplace,Carla Mendes,1,1099.90,0.00,690.00,Devolvido,Boleto,
V001429,2025-09-27,C0230,Bruno Pereira,bruno.pereira36@email.com,Contagem,MG,Sudeste,P014,Air Fryer 5L,Eletroportáteis,Marketplace,Ana Lima,1,599.90,0.20,330.00,Devolvido,Cartão de Débito,
V001430,2025-03-24,C0171,Ana Rodrigues,,Olinda,PE,Nordeste,P018,Estante Modular,Móveis,Loja Física,Carla Mendes,3,649.90,0.10,380.00,Concluído,Cartão de Crédito,
V001431,2025-11-06,C0195,Renata Gomes,renata.gomes1@email.com,Petrópolis,RJ,Sudeste,P007,Smartphone X,Telefonia,WhatsApp,Helena Prado,1,2799.90,0.15,2050.00,Devolvido,Boleto,
V001432,2026-01-20,C0172,Mariana Ribeiro,mariana.ribeiro75@email.com,Brasília,DF,Centro-Oeste,P012,Soundbar 2.1,ELETRÔNICOS,WhatsApp,Helena Prado,2,899.90,0.00,"R$ 530,00",Concluído,PIX,4
V001433,2026-05-16,C0145,João Souza,joao.souza48@email.com,Brasília,DF,Centro-Oeste,P009,Tablet 10,Telefonia,Loja Física,Igor Martins,4,1899.90,0.00,1370.00,Em transporte,Boleto,
V001434,2026-06-06,C0059,Isabela Gomes,isabela.gomes59@email.com,Londrina,PR,Sul,P001,Notebook Pro 15,Informática,E-commerce,Bruno Rocha,1,4599.90,0.00,3480.00,Concluído,PIX,2
V001435,2025-08-31,C0399,Vinícius Silva,,Manaus,AM,Norte,P003,Monitor 27 IPS,Informática,Loja Física,Ana Lima,2,1299.90,0.15,890.00,Em transporte,Boleto,
V001436,2025-03-14,C0080,Bruno Ribeiro,bruno.ribeiro80@email.com,Juazeiro do Norte,CE,Nordeste,P015,Aspirador Vertical,ELETROPORTÁTEIS,Marketplace,Bruno Rocha,2,749.90,0.00,420.00,Devolvido,PIX,
V001437,2025-07-24,C0382,Daniel Rodrigues,daniel.rodrigues91@email.com,Caxias do Sul,RS,Sul,P003,Monitor 27 IPS,Informática,E-commerce,Bruno Rocha,2,1299.90,0.00,890.00,Concluído,PIX,5
V001438,2025-08-04,C0026,Karen Rodrigues,karen.rodrigues26@email.com,Manaus,AM,Norte,P003,Monitor 27 IPS,Informática,WhatsApp,Gustavo Nunes,2,1299.90,0.00,890.00,Concluído,Cartão de Débito,4
V001439,2025-07-10,C0241,Henrique Oliveira,henrique.oliveira47@email.com,Belo Horizonte,MG,Sudeste,P010,Smart TV 55,Eletrônicos,Loja Física,Igor Martins,1,2899.90,0.00,2070.00,Concluído,PIX,3
V001440,2025-09-27,C0074,Paulo Souza,paulo.souza74@email.com,Olinda,PE,Nordeste,P018,Estante Modular,Móveis,E-commerce,Bruno Rocha,2,649.90,0.00,380.00,Concluído,Boleto,3
V001441,2025-08-22,C0084,Camila Gomes,camila.gomes84@email.com,Goiânia,GO,Centro-Oeste,P013,Cafeteira Premium,Eletroportáteis,Marketplace,Helena Prado,1,449.90,0.00,"R$ 250,00",Concluído,Boleto,5
V001442,2025-12-20,C0377,Isabela Costa,isabela.costa86@email.com,Porto Alegre,RS,Sul,P008,Smartphone Lite,Telefonia,Loja Física,,1,1599.90,0.00,1160.00,Concluído,Cartão de Crédito,1
V001443,2026-05-21,C0177,Mariana Costa,mariana.costa80@email.com,Florianópolis,SC,Sul,P002,Notebook Air 14,Informática,WhatsApp,Bruno Rocha,2,3299.90,0.15,2480.00,EM TRANSPORTE,Cartão de Crédito,1
V001444,2025-11-23,C0302,Olívia Oliveira,olivia.oliveira11@email.com,Petrópolis,RJ,Sudeste,P012,Soundbar 2.1,Eletrônicos,Loja Física,Fernanda Souza,2,899.90,0.00,530.00,Concluído,Cartão de Débito,4
V001445,2026-01-15,C0256,Henrique Gomes,henrique.gomes62@email.com,Rio de Janeiro,RJ,Sudeste,P010,Smart TV 55,Eletrônicos,WhatsApp,Gustavo Nunes,1,2899.90,0.15,2070.00,Concluído,PIX,4
V001446,2025-02-13,C0354,Samuel Souza,samuel.souza63@email.com,Manaus,AM,Norte,P012,Soundbar 2.1,Eletrônicos,WhatsApp,Igor Martins,3,899.90,0.00,530.00,Em transporte,Cartão de Débito,
V001447,2026-04-20,C0445,Karen Gomes,karen.gomes57@email.com,Manaus,AM,Norte,P015,Aspirador Vertical,Eletroportáteis,WhatsApp,Carla Mendes,1,749.90,0.20,420.00,Concluído,Cartão de Crédito,5
V001448,2025-05-23,C0404,Talita Almeida,talita.almeida16@email.com,Brasília,DF,Centro-Oeste,P011,Smart TV 43,Eletrônicos,WhatsApp,Carla Mendes,1,1999.90,0.00,1420.00,Concluído,PIX,3
V001449,2025-07-08,C0112,HENRIQUE GOMES,henrique.gomes15@email.com,Brasília,DF,Centro-Oeste,P004,Mouse Sem Fio,Periféricos,Loja Física,Helena Prado,1,129.90,0.00,62.00,Concluído,Cartão de Crédito,4
V001450,2026-05-25,C0201,Talita Pereira,talita.pereira7@email.com,Feira de Santana,BA,Nordeste,P006,Headset Gamer,Periféricos,Marketplace,Fernanda Souza,1,289.90,0.05,158.00,Cancelado,Cartão de Débito,
V001451,2026-03-20,C0223,Gabriela Pereira,gabriela.pereira29@email.com,Niterói,RJ,Sudeste,P006,Headset Gamer,Periféricos,WhatsApp,Ana Lima,1,289.90,0.00,158.00,Concluído,Cartão de Débito,4
V001452,2025-10-24,C0073,Henrique Oliveira,henrique.oliveira73@email.com,Manaus,AM,Norte,P008,Smartphone Lite,Telefonia,WhatsApp,Diego Alves,1,1599.90,0.00,1160.00,Concluído,Boleto,3
V001453,2025-11-15,C0351,Gabriela Gomes,gabriela.gomes60@email.com,Rio de Janeiro,RJ,Sudeste,P014,Air Fryer 5L,Eletroportáteis,Loja Física,Carla Mendes,1,599.90,0.00,330.00,Devolvido,Boleto,
V001454,2025-05-12,C0190,Mariana Rodrigues,mariana.rodrigues93@email.com,Brasília,DF,Centro-Oeste,P016,Cadeira Office,Móveis,Loja Física,Ana Lima,1,1099.90,0.05,690.00,Concluído,Boleto,4
V001455,2025-08-28,C0447,Samuel Gomes,samuel.gomes59@email.com,Duque de Caxias,RJ,Sudeste,P011,Smart TV 43,Móveis,WhatsApp,Fernanda Souza,2,1999.90,0.10,1420.00,Em transporte,Boleto,
V001456,2025-07-19,C0066,Daniel Silva,daniel.silva66@email.com,Brasília,DF,Centro-Oeste,P011,Smart TV 43,Eletrônicos,E-commerce,Diego Alves,3,1999.90,0.00,1420.00,Concluído,Cartão de Débito,
V001457,2025-01-20,C0161,Karen Nascimento,karen.nascimento64@email.com,Porto Alegre,RS,Sul,P017,Mesa Escritório,Móveis,Loja Física,Helena Prado,2,899.90,0.10,540.00,Concluído,Cartão de Débito,2
V001458,2026-04-19,C0309,Isabela Almeida,isabela.almeida18@email.com,Olinda,PE,Nordeste,P009,Tablet 10,Telefonia,Loja Física,Igor Martins,1,1899.90,0.00,1370.00,Em transporte,Boleto,
V001459,2025-05-27,C0187,Vinícius Ribeiro,vinicius.ribeiro90@email.com,Aparecida de Goiânia,GO,Centro-Oeste,P002,Notebook Air 14,Informática,WhatsApp,Diego Alves,1,3299.90,0.00,2480.00,Concluído,Cartão de Débito,4
V001460,2026-07-30,C0075,Felipe Rodrigues,felipe.rodrigues75@email.com,SÃO PAULO,SP,Sudeste,P009,Tablet 10,Telefonia,Marketplace,Igor Martins,6,"R$ 1.899,90",0.10,1370.00,Cancelado,PIX,
V001461,2025-07-12,C0306,Felipe Oliveira,felipe.oliveira15@email.com,Goiânia,GO,Centro-Oeste,P004,Mouse Sem Fio,Periféricos,Marketplace,Ana Lima,2,129.90,2.00,62.00,Cancelado,Boleto,
V001462,2025-09-12,C0405,Henrique Rodrigues,henrique.rodrigues17@email.com,São José dos Campos,SP,Sudeste,P013,Cafeteira Premium,Móveis,WhatsApp,Ana Lima,1,449.90,0.00,250.00,Concluído,Cartão de Crédito,4
V001463,2025-01-30,C0334,Isabela Lima,isabela.lima43@email.com,Brasília,DF,Centro-Oeste,P014,Air Fryer 5L,Eletroportáteis,Loja Física,Gustavo Nunes,1,599.90,0.00,330.00,Concluído,PIX,5
V001464,2026-03-31,C0389,Nicolas Nascimento,nicolas.nascimento1@email.com,Manaus,AM,Norte,P011,Smart TV 43,Eletrônicos,Loja Física,Fernanda Souza,1,1999.90,0.00,1420.00,Devolvido,Cartão de Débito,
V001465,2025-10-19,C0084,Camila Gomes,camila.gomes84@email.com,Goiânia,GO,Centro-Oeste,P005,Teclado Mecânico,Periféricos,Marketplace,Ana Lima,1,349.90,5%,195.00,Concluído,Cartão de Débito,5
V001466,2026-01-13,C0073,Henrique Oliveira,henrique.oliveira73@email.com,Manaus,AM,Norte,P011,Smart TV 43,,WhatsApp,Ana Lima,2,1999.90,0.15,1420.00,Concluído,PIX,5
V001467,2025-12-01,C0314,João Souza,joao.souza23@email.com,Olinda,PE,Nordeste,P002,Notebook Air 14,Informática,Marketplace,Gustavo Nunes,2,3299.90,0.10,2480.00,Concluído,Cartão de Crédito,5
V001468,2025-05-16,C0255,Vinícius Pereira,vinicius.pereira61@email.com,Porto Alegre,RS,Sul,P003,Monitor 27 IPS,Informática,Loja Física,Carla Mendes,1,1299.90,0.10,890.00,Concluído,Cartão de Crédito,4
V001469,2026-01-04,C0183,Ana Lima,ana.lima86@email.com,Curitiba,PR,Sul,P011,Smart TV 43,Eletrônicos,Loja Física,Helena Prado,1,1999.90,0.00,1420.00,Concluído,Cartão de Crédito,5
V001470,2026-06-22,C0214,Lucas Almeida,lucas.almeida20@email.com,Aparecida de Goiânia,GO,Centro-Oeste,P013,Cafeteira Premium,Eletroportáteis,E-commerce,Equipe Digital,3,449.90,0.20,250.00,Concluído,PIX,5
V001471,2025-04-29,C0391,João Costa,joao.costa3@email.com,Joinville,SC,Sul,P009,Tablet 10,Telefonia,E-commerce,Diego Alves,1,1899.90,0.15,1370.00,Cancelado,Cartão de Crédito,
V001472,2025-02-23,C0330,Henrique Gomes,henrique.gomes39@email.com,Contagem,MG,Sudeste,P008,Smartphone Lite,Telefonia,WhatsApp,Ana Lima,1,1599.90,0.20,1160.00,Concluído,PIX,3
V001473,2026-05-28,C0164,Nicolas Rodrigues,nicolas.rodrigues67@email.com,Petrópolis,RJ,Sudeste,P011,Smart TV 43,Eletrônicos,WhatsApp,Helena Prado,1,1999.90,0.20,1420.00,Concluído,Cartão de Crédito,5
V001474,2026-03-01,C0282,Nicolas Costa,nicolas.costa88@email.com,Manaus,AM,Norte,P003,Monitor 27 IPS,Informática,Loja Física,Diego Alves,2,1299.90,0.00,890.00,Concluído,Cartão de Débito,
V001475,2025-01-08,C0179,Nicolas Pereira,nicolas.pereira82@email.com,Florianópolis,SC,Sul,P003,Monitor 27 IPS,Informática,Marketplace,Carla Mendes,1,1299.90,0.00,890.00,Cancelado,Cartão de Crédito,
V001476,2025-10-16,C0137,Felipe Lima,felipe.lima40@email.com,Brasília,DF,Centro-Oeste,P018,Estante Modular,Móveis,Marketplace,Helena Prado,1,649.90,0.00,380.00,Em transporte,Boleto,
V001477,2025-12-09,C0101,Karen Souza,karen.souza4@email.com,Santarém,PA,Norte,P011,Smart TV 43,Eletrônicos,Marketplace,Helena Prado,1,1999.90,0.00,1420.00,Concluído,Cartão de Débito,1
V001478,2026-06-09,C0395,Gabriela Rodrigues,gabriela.rodrigues7@email.com,Juazeiro do Norte,CE,Nordeste,P013,Cafeteira Premium,Eletroportáteis,E-commerce,Carla Mendes,1,449.90,0.05,250.00,Em transporte,Cartão de Crédito,
V001479,2025-07-30,C0103,Bruno Santos,bruno.santos6@email.com,Blumenau,SC,Sul,P010,Smart TV 55,Eletrônicos,E-commerce,Fernanda Souza,1,2899.90,0.00,2070.00,Devolvido,PIX,
V001480,2025-09-16,C0112,Henrique Gomes,henrique.gomes15@email.com,Brasília,DF,Centro-Oeste,P017,Mesa Escritório,Móveis,Loja Física,Fernanda Souza,1,899.90,0.20,540.00,Concluído,PIX,4
V001481,2026-05-27,C0369,Vinícius Oliveira,vinicius.oliveira78@email.com,Porto Alegre,RS,Sul,P013,Cafeteira Premium,Eletroportáteis,Marketplace,Igor Martins,6,449.90,0.10,250.00,Em transporte,PIX,
V001482,2026-05-19,C0246,Isabela Gomes,isabela.gomes52@email.com,Maringá,PR,Sul,P018,Estante Modular,Móveis,Marketplace,Diego Alves,1,649.90,0.00,380.00,Concluído,Cartão de Crédito,1
V001483,2025-01-12,C0141,Gabriela Nascimento,gabriela.nascimento44@email.com,Olinda,PE,Nordeste,P001,Notebook Pro 15,Informática,Marketplace,Igor Martins,1,4599.90,0.10,3480.00,Concluído,Cartão de Crédito,2
V001484,2026-01-12,C0111,Bruno Costa,bruno.costa14@email.com,Porto Alegre,RS,,P007,Smartphone X,,WhatsApp,Gustavo Nunes,1,2799.90,0.05,2050.00,Devolvido,Cartão de Crédito,
V001485,2025-11-01,C0395,Gabriela Rodrigues,gabriela.rodrigues7@email.com,Juazeiro do Norte,CE,Nordeste,P002,Notebook Air 14,Informática,Loja Física,Fernanda Souza,1,3299.90,0.05,2480.00,Em transporte,PIX,
V001486,2025-05-04,C0326,Gabriela Oliveira,gabriela.oliveira35@email.com,Juiz de Fora,MG,Sudeste,P001,Notebook Pro 15,Informática,WhatsApp,Carla Mendes,1,4599.90,0.00,3480.00,Devolvido,PIX,
V001487,2026-04-12,C0446,Karen Santos,karen.santos58@email.com,Manaus,AM,Norte,P018,Estante Modular,Móveis,Marketplace,Fernanda Souza,1,649.90,0.10,380.00,Concluído,PIX,2
V001488,2025-08-09,C0034,Eduarda Gomes,eduarda.gomes34@email.com,Niterói,RJ,Sudeste,P013,Cafeteira Premium,Eletroportáteis,WhatsApp,Ana Lima,1,449.90,0.05,250.00,Em transporte,Cartão de Débito,
V001489,2026-02-27,C0090,João Almeida,joao.almeida90@email.com,Juiz de Fora,MG,Sudeste,P001,Notebook Pro 15,Informática,Loja Física,Bruno Rocha,5,4599.90,0.00,3480.00,Devolvido,Boleto,
V001490,2026-05-06,C0104,Isabela Silva,isabela.silva7@email.com,Salvador,BA,Nordeste,P009,Tablet 10,Telefonia,Loja Física,Fernanda Souza,5,1899.90,0.00,1370.00,Concluído,Cartão de Crédito,5
V001491,2025-02-15,C0448,Isabela Ribeiro,isabela.ribeiro60@email.com,Blumenau,SC,Sul,P014,Air Fryer 5L,Eletroportáteis,WhatsApp,Diego Alves,2,599.90,0.15,330.00,Concluído,Boleto,4
V001492,2025-04-01,C0307,Vinícius Rodrigues,vinicius.rodrigues16@email.com,Niterói,RJ,Sudeste,P012,Soundbar 2.1,Eletrônicos,WhatsApp,Igor Martins,1,899.90,0.00,530.00,Devolvido,Boleto,
V001493,2026-07-19,C0277,João Nascimento,joao.nascimento83@email.com,Caruaru,PE,Nordeste,P005,Teclado Mecânico,Periféricos,Marketplace,Gustavo Nunes,1,349.90,0.10,195.00,Concluído,Cartão de Débito,4
V001494,2025-12-22,C0393,Mariana Santos,mariana.santos5@email.com,Brasília,DF,Centro-Oeste,P010,Smart TV 55,Eletrônicos,E-commerce,Igor Martins,2,2899.90,0.05,2070.00,Concluído,Cartão de Crédito,5
V001495,2025-09-17,C0071,Samuel Santos,samuel.santos71@email.com,Manaus,AM,Norte,P011,Smart TV 43,Eletrônicos,Marketplace,Igor Martins,1,1999.90,0.10,1420.00,Em transporte,PIX,
V001496,2025-02-13,C0176,Olívia Oliveira,olivia.oliveira79@email.com,Belo Horizonte,MG,Sudeste,P017,Mesa Escritório,Móveis,E-commerce,Gustavo Nunes,1,899.90,0.20,540.00,Devolvido,PIX,
V001497,2025-05-23,C0418,Nicolas Santos,nicolas.santos30@email.com,Niterói,RJ,Sudeste,P007,Smartphone X,Telefonia,WhatsApp,Bruno Rocha,3,2799.90,0.00,2050.00,Cancelado,Cartão de Crédito,
V001498,2026-06-17,C0054,Henrique Souza,henrique.souza54@email.com,Rio de Janeiro,RJ,Sudeste,P001,Notebook Pro 15,Informática,Marketplace,Carla Mendes,2,4599.90,0.15,3480.00,Devolvido,Boleto,
V001499,2026-05-16,C0060,Samuel Oliveira,samuel.oliveira60@email.com,Maringá,PR,Sul,P011,Smart TV 43,Eletrônicos,Marketplace,Helena Prado,1,1999.90,0.20,1420.00,Concluído,Boleto,4
V001500,2026-02-22,C0353,Talita Souza,talita.souza62@email.com,Manaus,AM,Norte,P004,Mouse Sem Fio,Periféricos,E-commerce,Igor Martins,1,129.90,0.15,62.00,Em transporte,PIX,
V001467,2025-12-01,C0314,João Souza,joao.souza23@email.com,Olinda,PE,Nordeste,P002,Notebook Air 14,Informática,Marketplace,Gustavo Nunes,2,3299.90,0.10,2480.00,Concluído,Cartão de Crédito,5
V000002,2026-06-24,C0048,Paulo Santos,paulo.santos48@email.com,Niterói,RJ,Sudeste,P014,Air Fryer 5L,Eletroportáteis,Marketplace,Ana Lima,1,599.90,0.00,330.00,Concluído,Cartão de Débito,4
V001034,2026-05-10,C0116,Karen Rodrigues,karen.rodrigues19@email.com,Uberlândia,MG,Sudeste,P003,Monitor 27 IPS,Informática,Marketplace,Fernanda Souza,2,1299.90,0.00,890.00,Cancelado,PIX,
V000221,2025-07-24,C0050,Renata Lima,renata.lima50@email.com,Joinville,SC,Sul,P001,Notebook Pro 15,Informática,E-commerce,Carla Mendes,2,4599.90,0.00,3480.00,Concluído,Boleto,2
V001015,2025-10-02,C0141,Gabriela Nascimento,gabriela.nascimento44@email.com,Olinda,PE,Nordeste,P016,Cadeira Office,Móveis,E-commerce,Bruno Rocha,1,1099.90,0.10,690.00,Devolvido,Boleto,
V000296,2025-01-14,C0381,Talita Nascimento,talita.nascimento90@email.com,São José dos Campos,SP,Sudeste,P009,Tablet 10,Telefonia,E-commerce,Igor Martins,3,1899.90,0.15,1370.00,Devolvido,Boleto,
V000148,2025-08-31,C0108,Eduarda Nascimento,eduarda.nascimento11@email.com,Belém,PA,Norte,P012,Soundbar 2.1,Eletrônicos,WhatsApp,Carla Mendes,2,899.90,0.20,530.00,Concluído,Cartão de Crédito,4
V001424,2026-03-28,C0300,João Souza,joao.souza9@email.com,Brasília,DF,Centro-Oeste,P006,Headset Gamer,Periféricos,WhatsApp,Ana Lima,5,289.90,0.15,158.00,Cancelado,Boleto,
V000628,2025-02-08,C0236,Renata Rodrigues,renata.rodrigues42@email.com,Manaus,AM,Norte,P014,Air Fryer 5L,Eletroportáteis,WhatsApp,Fernanda Souza,1,599.90,0.05,330.00,Cancelado,Cartão de Crédito,
V000496,2025-01-01,C0388,Isabela Lima,isabela.lima0@email.com,Manaus,AM,Norte,P005,Teclado Mecânico,Periféricos,E-commerce,Igor Martins,1,349.90,0.05,195.00,Cancelado,Cartão de Débito,
V000832,2026-07-05,C0079,Bruno Lima,bruno.lima79@email.com,Maringá,PR,Sul,P018,Estante Modular,Móveis,E-commerce,Fernanda Souza,1,649.90,0.00,380.00,Concluído,Cartão de Débito,4
V000621,2026-01-21,C0227,Eduarda Gomes,eduarda.gomes33@email.com,Ananindeua,PA,Norte,P015,Aspirador Vertical,Eletroportáteis,Loja Física,Ana Lima,1,749.90,0.15,420.00,Em transporte,Boleto,
V000429,2025-06-09,C0388,Isabela Lima,isabela.lima0@email.com,Manaus,AM,Norte,P003,Monitor 27 IPS,Informática,Loja Física,Ana Lima,1,1299.90,0.10,890.00,Concluído,Cartão de Crédito,4
V001110,2025-02-06,C0121,Gabriela Rodrigues,gabriela.rodrigues24@email.com,Brasília,DF,Centro-Oeste,P015,Aspirador Vertical,Eletroportáteis,WhatsApp,Bruno Rocha,1,"R$ 749,90",0.20,420.00,Concluído,Boleto,4
V001308,2025-05-11,C0277,João Nascimento,joao.nascimento83@email.com,Caruaru,PE,Nordeste,P012,Soundbar 2.1,Eletrônicos,Loja Física,Gustavo Nunes,3,899.90,0.00,530.00,Devolvido,PIX,
V000198,2025-06-02,C0018,Daniel Rodrigues,daniel.rodrigues18@email.com,Londrina,PR,Sul,P008,Smartphone Lite,Telefonia,Marketplace,Igor Martins,1,1599.90,0.10,1160.00,Concluído,Cartão de Crédito,1
V000392,2026-01-16,C0238,Talita Lima,talita.lima44@email.com,Florianópolis,SC,Sul,P002,Notebook Air 14,INFORMÁTICA,Marketplace,Bruno Rocha,3,3299.90,0.00,2480.00,Concluído,Cartão de Débito,4
V000049,2026-02-17,C0188,Felipe Pereira,felipe.pereira91@email.com,RIO DE JANEIRO,RJ,Sudeste,P002,Notebook Air 14,Informática,WhatsApp,Ana Lima,2,3299.90,0.00,2480.00,Concluído,Boleto,5
V000034,2025-01-27,C0185,Talita Souza,talita.souza88@email.com,Duque de Caxias,RJ,Sudeste,P018,Estante Modular,Móveis,Marketplace,Igor Martins,3,649.90,0.10,380.00,Concluído,Cartão de Crédito,
V000064,2025-07-26,C0424,Eduarda Souza,eduarda.souza36@email.com,Brasília,DF,Centro-Oeste,P018,Estante Modular,Móveis,Marketplace,Fernanda Souza,1,649.90,0.10,380.00,Devolvido,PIX,
V000606,2025-12-23,C0181,Lucas Souza,lucas.souza84@email.com,São Paulo,SP,Sudeste,P006,Headset Gamer,Periféricos,E-commerce,Equipe Digital,2,289.90,0.00,158.00,Em transporte,Cartão de Crédito,
V000248,2025-10-28,C0050,Renata Lima,renata.lima50@email.com,Joinville,SC,Sul,P016,Cadeira Office,Móveis,E-commerce,Fernanda Souza,2,1099.90,0.10,690.00,Em transporte,PIX,
V000425,2025-05-19,C0247,Gabriela Rodrigues,gabriela.rodrigues53@email.com,Brasília,DF,Centro-Oeste,P018,Estante Modular,Móveis,E-commerce,Igor Martins,1,649.90,0.10,380.00,Concluído,PIX,5
V000381,2026-01-01,C0441,Felipe Silva,felipe.silva53@email.com,Fortaleza,CE,Nordeste,P011,Smart TV 43,Eletrônicos,WhatsApp,Igor Martins,5,1999.90,0.10,1420.00,Concluído,Cartão de Débito,5
V001394,2025-10-12,C0432,Renata Santos,renata.santos44@email.com,Caxias do Sul,RS,Sul,P007,Smartphone X,telefonia,WhatsApp,Fernanda Souza,2,2799.90,0.15,2050.00,Devolvido,Cartão de Débito,
V000174,2025-05-03,C0007,Samuel Rodrigues,samuel.rodrigues7@email.com,Belém,PA,Norte,P005,Teclado Mecânico,Periféricos,Loja Física,Carla Mendes,2,349.90,0.00,195.00,Cancelado,Boleto,
V000169,2026-01-10,C0280,Gabriela Lima,gabriela.lima86@email.com,Vitória da Conquista,BA,Nordeste,P006,Headset Gamer,Periféricos,WhatsApp,Bruno Rocha,2,289.90,0.00,158.00,Concluído,PIX,4
V000360,2026-05-26,C0378,Paulo Santos,paulo.santos87@email.com,Brasília,DF,Centro-Oeste,P007,Smartphone X,Telefonia,E-commerce,Diego Alves,4,2799.90,0.00,2050.00,Concluído,PIX,4
V000564,2025-03-24,C0318,Isabela Silva,isabela.silva27@email.com,Vitória da Conquista,BA,Nordeste,P011,Smart TV 43,Eletrônicos,Loja Física,Gustavo Nunes,4,1999.90,0.00,1420.00,Concluído,Cartão de Débito,4
V000222,2026-02-12,C0242,Ana Rodrigues,ana.rodrigues48@email.com,Contagem,MG,Sudeste,P016,Cadeira Office,Móveis,Marketplace,Bruno Rocha,3,1099.90,0.05,690.00,Concluído,Cartão de Débito,4
V000533,2025-04-20,C0323,Bruno Pereira,bruno.pereira32@email.com,Brasília,DF,Centro-Oeste,P012,Soundbar 2.1,Eletrônicos,WhatsApp,Bruno Rocha,4,899.90,0.05,530.00,Devolvido,PIX,
V000467,2025-01-02,C0061,Talita Almeida,talita.almeida61@email.com,Goiânia,GO,Centro-Oeste,P001,Notebook Pro 15,Informática,WhatsApp,Bruno Rocha,3,4599.90,0.00,3480.00,Em transporte,Cartão de Débito,
V000778,2025-03-08,C0061,Talita Almeida,talita.almeida61@email.com,Goiânia,GO,Centro-Oeste,P005,Teclado Mecânico,Periféricos,E-commerce,Diego Alves,2,349.90,0.05,195.00,Devolvido,Boleto,